filename,width,height,area,aspect_ratio,mean_intensity,std_intensity,severity
img-1.jpg,312,138,43056,2.261,145.91,29.87,Medium
img-10.jpg,159,141,22419,1.128,168.88,30.42,Medium
img-100.jpg,199,116,23084,1.716,148.31,41.08,Low
img-101.jpg,166,129,21414,1.287,133.32,30.01,Medium
img-101.jpg,157,94,14758,1.67,128.96,20.08,Low
img-102.jpg,262,304,79648,0.862,144.62,35.19,Low
img-103.jpg,215,115,24725,1.87,153.22,34.19,Medium
img-104.jpg,245,171,41895,1.433,144.59,34.69,High
img-104.jpg,65,59,3835,1.102,135.67,27.34,Low
img-105.jpg,151,113,17063,1.336,166.34,23.12,Low
img-105.jpg,43,37,1591,1.162,156.14,25.65,Low
img-106.jpg,367,307,112669,1.195,131.17,30.15,Medium
img-106.jpg,113,164,18532,0.689,123.7,28.88,Low
img-107.jpg,226,173,39098,1.306,170.1,39.4,Medium
img-108.jpg,172,128,22016,1.344,136.74,36.19,High
img-108.jpg,73,67,4891,1.09,121.3,37.46,Low
img-108.jpg,59,32,1888,1.844,153.93,20.65,Low
img-108.jpg,118,122,14396,0.967,148.97,27.0,Low
img-108.jpg,48,63,3024,0.762,137.73,23.08,Low
img-109.jpg,114,93,10602,1.226,129.31,25.59,Medium
img-109.jpg,172,166,28552,1.036,122.07,27.76,Medium
img-109.jpg,168,94,15792,1.787,121.46,23.93,Low
img-11.jpg,243,244,59292,0.996,135.74,31.15,Medium
img-110.jpg,414,121,50094,3.421,116.79,17.19,Medium
img-110.jpg,98,27,2646,3.63,114.02,12.77,Low
img-111.jpg,88,54,4752,1.63,139.39,25.69,Low
img-111.jpg,165,152,25080,1.086,141.43,25.09,Low
img-111.jpg,81,107,8667,0.757,134.52,22.96,Low
img-112.jpg,337,130,43810,2.592,156.35,21.98,Medium
img-113.jpg,505,317,160085,1.593,150.73,34.51,High
img-114.jpg,132,113,14916,1.168,130.42,26.54,Low
img-115.jpg,224,119,26656,1.882,109.25,32.96,Medium
img-116.jpg,235,146,34310,1.61,145.64,16.46,Medium
img-116.jpg,91,95,8645,0.958,145.78,17.41,Low
img-117.jpg,124,247,30628,0.502,178.5,31.07,Low
img-117.jpg,108,38,4104,2.842,179.96,16.89,Low
img-118.jpg,349,444,154956,0.786,156.36,26.57,High
img-119.jpg,207,177,36639,1.169,164.97,27.43,Medium
img-119.jpg,158,123,19434,1.285,141.73,31.14,Low
img-12.jpg,257,266,68362,0.966,110.49,42.81,Medium
img-120.jpg,250,94,23500,2.66,145.89,27.64,Medium
img-121.jpg,172,122,20984,1.41,143.14,33.42,Medium
img-121.jpg,228,179,40812,1.274,140.14,33.09,Medium
img-121.jpg,57,60,3420,0.95,138.44,35.0,Low
img-122.jpg,216,142,30672,1.521,153.39,31.32,Medium
img-123.jpg,182,169,30758,1.077,114.35,47.4,Medium
img-124.jpg,100,48,4800,2.083,172.6,34.18,Low
img-124.jpg,291,256,74496,1.137,156.07,34.17,High
img-124.jpg,119,121,14399,0.983,135.7,32.38,Low
img-124.jpg,41,29,1189,1.414,182.85,22.73,Low
img-124.jpg,88,113,9944,0.779,183.67,15.97,Low
img-124.jpg,90,59,5310,1.525,156.79,33.96,Low
img-124.jpg,36,25,900,1.44,179.56,16.95,Low
img-125.jpg,168,108,18144,1.556,117.0,36.44,Low
img-125.jpg,92,34,3128,2.706,130.43,34.1,Low
img-125.jpg,95,39,3705,2.436,140.7,34.66,Low
img-126.jpg,235,132,31020,1.78,148.27,23.71,Medium
img-126.jpg,81,64,5184,1.266,144.3,15.9,Low
img-126.jpg,48,26,1248,1.846,141.42,16.78,Low
img-127.jpg,180,92,16560,1.957,139.28,23.41,Medium
img-127.jpg,105,82,8610,1.28,130.03,25.6,Medium
img-127.jpg,183,135,24705,1.356,131.45,21.08,Low
img-128.jpg,168,196,32928,0.857,142.41,23.65,Medium
img-129.jpg,103,89,9167,1.157,147.44,24.7,Low
img-129.jpg,98,53,5194,1.849,143.95,24.85,Low
img-13.jpg,236,145,34220,1.628,146.03,19.18,Medium
img-13.jpg,230,69,15870,3.333,149.44,20.57,Medium
img-13.jpg,104,38,3952,2.737,146.62,17.01,Low
img-13.jpg,74,28,2072,2.643,153.22,20.58,Medium
img-130.jpg,131,70,9170,1.871,151.54,37.77,Medium
img-130.jpg,48,35,1680,1.371,158.58,33.58,Low
img-131.jpg,103,88,9064,1.17,156.86,34.73,Medium
img-132.jpg,487,212,103244,2.297,90.45,26.21,Medium
img-132.jpg,45,41,1845,1.098,94.06,29.83,Low
img-133.jpg,131,61,7991,2.148,142.8,20.63,Medium
img-134.jpg,132,125,16500,1.056,149.02,27.15,Medium
img-134.jpg,90,80,7200,1.125,154.04,19.89,Low
img-135.jpg,371,196,72716,1.893,150.13,35.63,Medium
img-135.jpg,105,78,8190,1.346,134.89,40.63,Low
img-135.jpg,207,89,18423,2.326,149.08,31.55,Medium
img-135.jpg,84,49,4116,1.714,155.48,29.65,Low
img-136.jpg,110,129,14190,0.853,134.34,42.04,Medium
img-137.jpg,162,142,23004,1.141,148.74,39.8,Medium
img-138.jpg,114,56,6384,2.036,149.61,44.68,Medium
img-139.jpg,151,137,20687,1.102,115.01,45.9,Medium
img-14.jpg,492,278,136776,1.77,149.95,39.96,Medium
img-14.jpg,107,62,6634,1.726,143.18,39.93,Low
img-140.jpg,201,147,29547,1.367,125.41,41.54,Low
img-140.jpg,255,114,29070,2.237,129.28,40.56,Medium
img-141.jpg,104,79,8216,1.316,149.67,29.59,Low
img-141.jpg,144,105,15120,1.371,149.85,29.46,Low
img-141.jpg,118,87,10266,1.356,149.39,29.89,Low
img-141.jpg,141,111,15651,1.27,157.82,25.98,Low
img-142.jpg,357,98,34986,3.643,170.29,40.54,Medium
img-143.jpg,166,108,17928,1.537,142.18,23.87,Low
img-144.jpg,170,110,18700,1.545,131.28,28.23,Medium
img-144.jpg,72,45,3240,1.6,151.15,28.12,Low
img-145.jpg,147,91,13377,1.615,139.82,42.48,Low
img-146.jpg,286,168,48048,1.702,142.36,16.93,Medium
img-147.jpg,98,119,11662,0.824,141.29,45.85,Medium
img-147.jpg,66,58,3828,1.138,157.76,41.47,Low
img-148.jpg,131,137,17947,0.956,120.68,35.19,Medium
img-148.jpg,57,40,2280,1.425,92.95,18.99,Low
img-149.jpg,311,118,36698,2.636,120.71,49.76,Medium
img-15.jpg,213,111,23643,1.919,154.22,32.32,Medium
img-150.jpg,343,121,41503,2.835,141.05,22.59,Medium
img-151.jpg,214,140,29960,1.529,148.85,16.96,Low
img-152.jpg,82,44,3608,1.864,134.91,28.83,Low
img-152.jpg,187,56,10472,3.339,134.62,30.64,Low
img-152.jpg,123,59,7257,2.085,139.96,31.26,Low
img-152.jpg,114,85,9690,1.341,137.98,31.76,Low
img-152.jpg,89,54,4806,1.648,138.07,27.71,Low
img-153.jpg,128,90,11520,1.422,153.0,32.12,Low
img-154.jpg,445,400,178000,1.113,123.3,42.36,Medium
img-155.jpg,163,130,21190,1.254,132.32,25.94,Medium
img-155.jpg,126,134,16884,0.94,140.15,23.68,Low
img-155.jpg,62,63,3906,0.984,152.11,23.49,Low
img-156.jpg,248,170,42160,1.459,140.6,30.37,Medium
img-156.jpg,125,48,6000,2.604,147.87,23.36,Low
img-157.jpg,194,119,23086,1.63,152.16,20.31,Medium
img-157.jpg,64,34,2176,1.882,152.17,17.12,Low
img-158.jpg,165,117,19305,1.41,89.8,29.2,Medium
img-158.jpg,135,85,11475,1.588,89.84,23.3,Low
img-159.jpg,133,103,13699,1.291,137.71,25.06,Medium
img-159.jpg,58,43,2494,1.349,126.29,28.71,Low
img-159.jpg,121,86,10406,1.407,149.29,19.07,Low
img-16.jpg,194,181,35114,1.072,160.61,27.78,Medium
img-160.jpg,192,164,31488,1.171,174.58,25.89,Low
img-160.jpg,152,139,21128,1.094,157.76,34.6,Low
img-160.jpg,210,146,30660,1.438,142.65,41.74,Low
img-160.jpg,112,101,11312,1.109,163.65,34.58,Low
img-161.jpg,139,94,13066,1.479,165.19,30.9,Medium
img-162.jpg,259,140,36260,1.85,140.34,16.83,Medium
img-163.jpg,260,205,53300,1.268,160.99,29.06,Medium
img-163.jpg,58,51,2958,1.137,160.55,28.91,Low
img-164.jpg,269,138,37122,1.949,157.32,31.47,High
img-165.jpg,261,135,35235,1.933,139.71,30.65,Medium
img-166.jpg,218,152,33136,1.434,101.57,28.17,Medium
img-166.jpg,55,53,2915,1.038,108.7,34.21,Low
img-167.jpg,191,144,27504,1.326,127.7,25.58,Medium
img-167.jpg,155,97,15035,1.598,130.58,22.53,Low
img-167.jpg,74,28,2072,2.643,165.52,29.12,Low
img-168.jpg,233,96,22368,2.427,150.16,33.27,Medium
img-168.jpg,67,44,2948,1.523,156.67,21.53,Low
img-169.jpg,311,159,49449,1.956,117.18,23.73,Medium
img-17.jpg,292,194,56648,1.505,98.04,27.66,Medium
img-17.jpg,153,119,18207,1.286,102.19,22.44,Low
img-170.jpg,99,48,4752,2.062,100.03,17.3,Low
img-170.jpg,147,94,13818,1.564,96.17,19.75,Low
img-171.jpg,241,156,37596,1.545,146.73,40.24,Medium
img-172.jpg,176,74,13024,2.378,111.1,34.13,Low
img-172.jpg,92,89,8188,1.034,113.32,28.38,Low
img-172.jpg,77,60,4620,1.283,115.6,36.74,Low
img-172.jpg,133,38,5054,3.5,141.18,33.23,Low
img-172.jpg,353,216,76248,1.634,151.06,43.79,Medium
img-173.jpg,262,108,28296,2.426,98.86,41.04,Medium
img-173.jpg,298,93,27714,3.204,102.19,38.03,Medium
img-174.jpg,274,133,36442,2.06,144.46,26.81,Medium
img-175.jpg,227,208,47216,1.091,126.01,37.92,Medium
img-175.jpg,143,192,27456,0.745,130.09,38.38,Medium
img-175.jpg,82,77,6314,1.065,114.68,26.14,Low
img-176.jpg,197,118,23246,1.669,143.58,22.91,Medium
img-176.jpg,110,70,7700,1.571,146.71,22.52,Low
img-177.jpg,189,118,22302,1.602,129.73,47.55,Medium
img-178.jpg,192,102,19584,1.882,145.4,25.41,Medium
img-178.jpg,151,79,11929,1.911,142.21,20.87,Low
img-178.jpg,77,65,5005,1.185,148.41,21.73,Low
img-179.jpg,162,219,35478,0.74,129.19,49.5,Medium
img-179.jpg,95,162,15390,0.586,147.05,49.37,Low
img-179.jpg,121,136,16456,0.89,110.13,40.73,Low
img-179.jpg,107,113,12091,0.947,115.54,36.13,Low
img-179.jpg,100,67,6700,1.493,115.34,36.11,Low
img-18.jpg,136,86,11696,1.581,153.74,17.17,Medium
img-18.jpg,178,89,15842,2.0,155.14,18.07,Medium
img-18.jpg,84,59,4956,1.424,155.45,25.04,Low
img-18.jpg,92,44,4048,2.091,148.47,20.34,Low
img-18.jpg,52,31,1612,1.677,153.07,21.83,Low
img-180.jpg,289,142,41038,2.035,116.76,57.29,Medium
img-181.jpg,175,122,21350,1.434,142.63,27.65,Medium
img-182.jpg,158,155,24490,1.019,143.41,25.52,Medium
img-182.jpg,99,95,9405,1.042,153.54,22.9,Low
img-182.jpg,134,73,9782,1.836,123.73,19.22,Low
img-183.jpg,314,242,75988,1.298,150.06,22.78,Medium
img-184.jpg,29,10,290,2.9,153.63,22.78,Low
img-184.jpg,36,22,792,1.636,176.59,11.99,Low
img-184.jpg,54,24,1296,2.25,178.19,15.8,Low
img-184.jpg,33,10,330,3.3,154.38,22.18,Low
img-184.jpg,27,11,297,2.455,185.61,37.79,Low
img-184.jpg,35,10,350,3.5,104.06,27.16,Low
img-184.jpg,23,4,92,5.75,79.95,4.16,Low
img-184.jpg,16,10,160,1.6,78.41,8.65,Low
img-184.jpg,94,67,6298,1.403,145.26,17.14,Medium
img-184.jpg,28,19,532,1.474,153.11,14.89,Low
img-184.jpg,41,34,1394,1.206,178.57,21.4,Low
img-185.jpg,222,207,45954,1.072,132.01,48.39,High
img-186.jpg,290,137,39730,2.117,138.26,38.61,High
img-186.jpg,243,122,29646,1.992,138.65,34.31,Medium
img-187.jpg,239,138,32982,1.732,146.97,26.68,Medium
img-188.jpg,144,102,14688,1.412,148.29,25.97,Medium
img-188.jpg,131,89,11659,1.472,136.89,29.5,Medium
img-188.jpg,156,92,14352,1.696,140.13,23.98,Low
img-189.jpg,207,134,27738,1.545,135.17,23.64,Medium
img-19.jpg,147,112,16464,1.312,142.09,21.06,Medium
img-19.jpg,135,91,12285,1.484,144.45,21.47,Medium
img-190.jpg,311,190,59090,1.637,146.94,17.92,Medium
img-190.jpg,158,87,13746,1.816,137.4,19.91,Medium
img-191.jpg,196,159,31164,1.233,147.39,28.03,Medium
img-191.jpg,121,60,7260,2.017,148.09,27.93,Medium
img-191.jpg,72,44,3168,1.636,141.46,30.39,Low
img-192.jpg,139,103,14317,1.35,109.75,48.05,Medium
img-193.jpg,89,53,4717,1.679,124.81,28.72,Medium
img-193.jpg,72,38,2736,1.895,129.11,31.48,Low
img-194.jpg,208,129,26832,1.612,149.8,23.28,Medium
img-195.jpg,159,72,11448,2.208,151.61,19.56,Medium
img-195.jpg,255,215,54825,1.186,145.31,20.8,Medium
img-196.jpg,216,115,24840,1.878,159.27,34.48,Medium
img-196.jpg,65,38,2470,1.711,174.87,23.95,Low
img-196.jpg,161,76,12236,2.118,165.78,24.83,Low
img-197.jpg,147,97,14259,1.515,148.91,30.11,Medium
img-197.jpg,80,55,4400,1.455,150.24,31.89,Medium
img-197.jpg,159,124,19716,1.282,145.86,30.49,Medium
img-198.jpg,155,53,8215,2.925,160.61,26.85,Low
img-198.jpg,227,83,18841,2.735,151.18,34.33,Medium
img-198.jpg,50,40,2000,1.25,134.94,35.08,Low
img-198.jpg,230,105,24150,2.19,156.17,35.64,Medium
img-199.jpg,182,240,43680,0.758,133.19,32.19,Medium
img-199.jpg,109,94,10246,1.16,139.12,30.73,Low
img-2.jpg,151,91,13741,1.659,89.37,24.99,Medium
img-2.jpg,99,83,8217,1.193,89.07,21.64,Low
img-2.jpg,67,80,5360,0.838,102.27,18.16,Low
img-20.jpg,114,65,7410,1.754,102.05,20.71,Low
img-20.jpg,62,44,2728,1.409,114.34,18.01,Low
img-20.jpg,165,121,19965,1.364,99.32,29.93,Medium
img-200.jpg,86,45,3870,1.911,155.1,22.76,Low
img-200.jpg,133,73,9709,1.822,153.89,22.0,Low
img-200.jpg,103,67,6901,1.537,153.99,20.63,Low
img-200.jpg,55,64,3520,0.859,156.6,17.69,Low
img-201.jpg,370,292,108040,1.267,161.64,32.37,Medium
img-202.jpg,80,77,6160,1.039,154.33,24.22,Low
img-202.jpg,123,80,9840,1.538,152.51,24.21,Low
img-202.jpg,111,56,6216,1.982,153.68,24.47,Low
img-202.jpg,86,111,9546,0.775,159.8,21.71,Low
img-202.jpg,52,55,2860,0.945,147.96,22.78,Low
img-202.jpg,56,108,6048,0.519,140.22,19.47,Low
img-202.jpg,73,48,3504,1.521,136.13,21.37,Low
img-203.jpg,240,107,25680,2.243,153.78,30.17,Low
img-203.jpg,65,64,4160,1.016,144.33,28.7,Low
img-203.jpg,201,94,18894,2.138,149.26,27.09,Low
img-204.jpg,168,140,23520,1.2,136.11,29.07,Low
img-204.jpg,166,138,22908,1.203,134.63,30.34,Low
img-205.jpg,441,218,96138,2.023,138.5,49.93,Medium
img-205.jpg,326,195,63570,1.672,118.55,38.76,Low
img-206.jpg,271,173,46883,1.566,140.4,30.3,Medium
img-206.jpg,161,62,9982,2.597,118.77,25.75,Low
img-207.jpg,371,234,86814,1.585,93.5,57.48,Medium
img-207.jpg,165,150,24750,1.1,157.47,60.33,Low
img-208.jpg,159,136,21624,1.169,143.04,22.19,Low
img-208.jpg,118,143,16874,0.825,136.68,19.34,Low
img-208.jpg,148,147,21756,1.007,140.1,20.86,Low
img-209.jpg,210,193,40530,1.088,128.13,46.64,Medium
img-21.jpg,260,272,70720,0.956,150.46,35.78,Medium
img-21.jpg,157,124,19468,1.266,123.4,38.79,Low
img-210.jpg,324,332,107568,0.976,144.91,35.62,High
img-210.jpg,121,87,10527,1.391,124.41,28.55,Low
img-211.jpg,298,176,52448,1.693,153.8,18.07,Medium
img-212.jpg,201,186,37386,1.081,137.91,20.2,Medium
img-213.jpg,228,202,46056,1.129,79.77,30.06,Medium
img-214.jpg,146,117,17082,1.248,155.05,30.24,Medium
img-215.jpg,158,171,27018,0.924,139.65,25.0,Medium
img-216.jpg,183,91,16653,2.011,110.27,25.33,Low
img-216.jpg,145,87,12615,1.667,153.33,43.49,Low
img-216.jpg,97,54,5238,1.796,128.37,25.91,Low
img-217.jpg,95,103,9785,0.922,149.84,46.56,Medium
img-217.jpg,85,75,6375,1.133,164.12,39.88,Low
img-218.jpg,158,171,27018,0.924,129.91,20.08,Medium
img-218.jpg,96,48,4608,2.0,182.65,30.58,Low
img-219.jpg,302,138,41676,2.188,118.06,25.82,Medium
img-22.jpg,165,254,41910,0.65,143.01,31.23,Medium
img-220.jpg,270,174,46980,1.552,92.8,40.86,Medium
img-220.jpg,167,76,12692,2.197,170.44,34.05,Medium
img-221.jpg,130,86,11180,1.512,138.54,34.82,Medium
img-221.jpg,43,37,1591,1.162,138.96,33.23,Medium
img-222.jpg,191,275,52525,0.695,143.65,23.85,Medium
img-223.jpg,109,113,12317,0.965,142.99,28.48,Medium
img-224.jpg,206,171,35226,1.205,140.97,23.36,Medium
img-225.jpg,38,20,760,1.9,148.67,14.73,Low
img-225.jpg,102,76,7752,1.342,144.97,19.75,Medium
img-225.jpg,63,30,1890,2.1,159.66,10.2,Low
img-225.jpg,30,19,570,1.579,164.92,12.05,Low
img-226.jpg,247,166,41002,1.488,147.69,16.12,Medium
img-227.jpg,267,128,34176,2.086,147.52,29.12,Medium
img-227.jpg,694,181,125614,3.834,119.66,36.29,High
img-228.jpg,230,198,45540,1.162,136.64,24.36,Medium
img-229.jpg,120,70,8400,1.714,177.04,22.0,Low
img-229.jpg,170,110,18700,1.545,170.34,27.5,Medium
img-229.jpg,123,123,15129,1.0,131.55,36.34,Low
img-23.jpg,432,149,64368,2.899,153.25,36.41,High
img-23.jpg,54,26,1404,2.077,159.86,30.98,Low
img-23.jpg,67,40,2680,1.675,168.91,20.98,Low
img-23.jpg,170,160,27200,1.062,154.01,29.2,Low
img-23.jpg,159,51,8109,3.118,123.41,36.19,Low
img-230.jpg,224,121,27104,1.851,110.02,40.93,Medium
img-230.jpg,86,33,2838,2.606,101.03,32.29,Medium
img-230.jpg,71,24,1704,2.958,95.6,23.92,Low
img-231.jpg,238,171,40698,1.392,153.03,35.35,Medium
img-231.jpg,86,30,2580,2.867,164.3,26.71,Low
img-232.jpg,93,76,7068,1.224,118.74,28.71,Low
img-232.jpg,170,169,28730,1.006,98.5,31.07,Low
img-232.jpg,43,27,1161,1.593,95.02,14.98,Low
img-232.jpg,66,41,2706,1.61,103.36,19.7,Low
img-233.jpg,200,152,30400,1.316,154.5,45.99,Medium
img-233.jpg,64,42,2688,1.524,142.5,38.96,Low
img-234.jpg,112,80,8960,1.4,153.65,36.68,Medium
img-235.jpg,275,267,73425,1.03,138.19,30.23,Low
img-236.jpg,163,119,19397,1.37,146.67,52.81,Low
img-236.jpg,115,75,8625,1.533,183.55,24.48,Low
img-236.jpg,221,196,43316,1.128,158.19,41.11,Low
img-237.jpg,258,206,53148,1.252,146.34,40.03,High
img-237.jpg,120,82,9840,1.463,126.35,39.76,Low
img-237.jpg,65,43,2795,1.512,147.31,31.86,Low
img-237.jpg,102,100,10200,1.02,144.47,22.69,Low
img-237.jpg,32,89,2848,0.36,150.32,29.53,Low
img-238.jpg,277,124,34348,2.234,143.52,32.83,Medium
img-239.jpg,223,132,29436,1.689,115.96,41.99,Medium
img-24.jpg,134,108,14472,1.241,109.58,39.17,Medium
img-24.jpg,101,60,6060,1.683,109.43,33.62,Low
img-240.jpg,175,214,37450,0.818,145.94,20.38,Medium
img-240.jpg,35,28,980,1.25,141.9,14.94,Low
img-240.jpg,36,15,540,2.4,133.45,16.5,Low
img-240.jpg,39,19,741,2.053,133.32,10.86,Low
img-241.jpg,97,58,5626,1.672,140.08,42.62,Medium
img-241.jpg,165,110,18150,1.5,140.71,42.37,Medium
img-241.jpg,150,81,12150,1.852,146.97,35.39,Low
img-241.jpg,69,36,2484,1.917,132.96,42.85,Low
img-241.jpg,170,161,27370,1.056,140.34,49.04,High
img-241.jpg,134,78,10452,1.718,130.85,36.16,Low
img-241.jpg,99,142,14058,0.697,121.97,36.97,Low
img-242.jpg,273,157,42861,1.739,138.38,47.73,Medium
img-243.jpg,220,70,15400,3.143,155.5,16.08,Medium
img-244.jpg,225,185,41625,1.216,144.63,28.36,Medium
img-244.jpg,142,113,16046,1.257,144.98,28.02,Low
img-245.jpg,163,116,18908,1.405,111.46,27.89,Medium
img-245.jpg,103,89,9167,1.157,118.67,20.2,Low
img-246.jpg,249,141,35109,1.766,147.28,30.56,Medium
img-246.jpg,160,116,18560,1.379,148.79,25.06,Low
img-247.jpg,188,122,22936,1.541,159.6,33.22,Medium
img-248.jpg,350,174,60900,2.011,144.87,18.0,Medium
img-248.jpg,139,56,7784,2.482,139.16,18.34,Low
img-248.jpg,121,39,4719,3.103,153.69,11.87,Low
img-249.jpg,253,187,47311,1.353,149.66,40.58,Medium
img-25.jpg,382,224,85568,1.705,124.62,54.43,Medium
img-250.jpg,490,207,101430,2.367,145.72,31.72,Medium
img-251.jpg,364,232,84448,1.569,141.71,23.9,Medium
img-252.jpg,192,86,16512,2.233,143.07,41.8,Medium
img-252.jpg,121,73,8833,1.658,126.45,43.65,Medium
img-252.jpg,184,121,22264,1.521,107.92,32.03,Medium
img-253.jpg,359,94,33746,3.819,147.79,25.62,Medium
img-254.jpg,249,144,35856,1.729,102.4,38.07,Medium
img-255.jpg,137,56,7672,2.446,143.07,20.19,Medium
img-256.jpg,159,190,30210,0.837,145.78,32.82,Medium
img-256.jpg,96,98,9408,0.98,147.11,26.8,Medium
img-257.jpg,154,195,30030,0.79,145.35,21.36,Medium
img-257.jpg,61,35,2135,1.743,147.15,26.6,Low
img-258.jpg,205,105,21525,1.952,107.85,47.26,Medium
img-259.jpg,215,170,36550,1.265,174.16,24.74,Medium
img-259.jpg,63,58,3654,1.086,187.66,20.49,Low
img-26.jpg,146,115,16790,1.27,136.08,16.79,Medium
img-26.jpg,58,49,2842,1.184,138.56,27.31,Low
img-260.jpg,252,106,26712,2.377,164.04,31.54,Medium
img-261.jpg,270,158,42660,1.709,152.49,28.89,Medium
img-262.jpg,101,86,8686,1.174,148.43,18.93,Medium
img-263.jpg,216,121,26136,1.785,151.87,29.76,Medium
img-264.jpg,286,186,53196,1.538,85.08,35.11,Medium
img-265.jpg,74,63,4662,1.175,151.93,29.26,Low
img-265.jpg,242,122,29524,1.984,154.11,28.77,Medium
img-265.jpg,160,105,16800,1.524,156.4,24.13,Low
img-266.jpg,237,158,37446,1.5,110.09,25.01,Medium
img-266.jpg,59,47,2773,1.255,109.06,21.71,Low
img-267.jpg,114,75,8550,1.52,139.98,19.94,Low
img-267.jpg,122,164,20008,0.744,139.95,19.86,Medium
img-267.jpg,194,142,27548,1.366,139.1,18.9,Low
img-267.jpg,113,35,3955,3.229,142.08,20.3,Medium
img-268.jpg,236,219,51684,1.078,152.68,35.5,High
img-269.jpg,108,112,12096,0.964,152.2,40.81,Medium
img-269.jpg,59,56,3304,1.054,159.33,44.88,Low
img-27.jpg,93,83,7719,1.12,159.82,35.07,Medium
img-270.jpg,147,93,13671,1.581,112.56,22.81,Medium
img-270.jpg,135,54,7290,2.5,101.99,17.98,Low
img-271.jpg,363,164,59532,2.213,112.52,31.13,High
img-272.jpg,206,117,24102,1.761,119.56,45.54,Medium
img-272.jpg,142,77,10934,1.844,94.32,18.8,Low
img-273.jpg,152,64,9728,2.375,131.02,40.09,Medium
img-273.jpg,559,142,79378,3.937,117.56,16.59,Low
img-274.jpg,122,58,7076,2.103,142.95,16.86,Low
img-274.jpg,230,83,19090,2.771,145.56,17.36,Medium
img-274.jpg,160,69,11040,2.319,144.05,16.12,Low
img-275.jpg,313,167,52271,1.874,150.29,28.42,Medium
img-276.jpg,219,176,38544,1.244,156.95,33.38,Medium
img-277.jpg,142,80,11360,1.775,110.68,39.0,Medium
img-278.jpg,91,111,10101,0.82,138.1,50.34,Medium
img-278.jpg,91,120,10920,0.758,135.6,48.68,Medium
img-279.jpg,139,126,17514,1.103,105.87,42.68,Medium
img-28.jpg,163,133,21679,1.226,163.31,28.76,Medium
img-28.jpg,67,64,4288,1.047,162.65,24.09,Low
img-28.jpg,71,45,3195,1.578,157.14,27.33,Medium
img-28.jpg,74,77,5698,0.961,142.8,30.89,Low
img-280.jpg,206,158,32548,1.304,130.2,40.67,Medium
img-281.jpg,417,157,65469,2.656,111.5,48.66,Medium
img-282.jpg,156,136,21216,1.147,145.4,22.14,Medium
img-282.jpg,89,87,7743,1.023,137.4,21.86,Low
img-283.jpg,212,153,32436,1.386,145.71,20.27,Medium
img-283.jpg,55,50,2750,1.1,153.18,15.2,Low
img-283.jpg,108,47,5076,2.298,145.59,14.54,Low
img-284.jpg,200,167,33400,1.198,117.42,37.76,Medium
img-284.jpg,85,174,14790,0.489,121.72,40.81,Low
img-285.jpg,214,205,43870,1.044,176.02,29.85,Medium
img-286.jpg,91,46,4186,1.978,87.37,39.16,High
img-286.jpg,55,22,1210,2.5,84.75,47.52,High
img-286.jpg,20,15,300,1.333,110.42,45.95,Medium
img-287.jpg,338,192,64896,1.76,124.0,72.57,High
img-288.jpg,66,40,2640,1.65,90.15,45.54,Medium
img-288.jpg,55,25,1375,2.2,106.14,38.18,Medium
img-288.jpg,30,16,480,1.875,110.28,57.83,Low
img-288.jpg,94,45,4230,2.089,77.98,45.9,Medium
img-288.jpg,109,50,5450,2.18,100.66,45.5,Low
img-289.jpg,107,116,12412,0.922,122.42,48.41,High
img-29.jpg,154,115,17710,1.339,179.48,32.73,Low
img-29.jpg,71,56,3976,1.268,156.99,32.24,Low
img-290.jpg,532,146,77672,3.644,62.3,49.0,High
img-291.jpg,323,112,36176,2.884,93.43,31.45,Medium
img-292.jpg,159,101,16059,1.574,95.53,40.0,High
img-292.jpg,43,16,688,2.688,96.61,36.96,Medium
img-292.jpg,39,7,273,5.571,97.18,47.8,Medium
img-293.jpg,103,50,5150,2.06,154.2,69.72,High
img-293.jpg,47,16,752,2.938,174.27,50.07,Medium
img-293.jpg,59,20,1180,2.95,124.76,34.09,Low
img-293.jpg,72,30,2160,2.4,80.29,19.59,Low
img-294.jpg,79,40,3160,1.975,103.85,35.52,High
img-294.jpg,36,18,648,2.0,89.87,34.42,High
img-294.jpg,16,11,176,1.455,105.32,24.18,Low
img-294.jpg,16,8,128,2.0,90.45,21.21,Low
img-295.jpg,398,158,62884,2.519,108.33,62.58,High
img-296.jpg,495,281,139095,1.762,103.53,60.66,High
img-297.jpg,38,19,722,2.0,199.59,37.31,Low
img-297.jpg,33,18,594,1.833,155.56,40.28,Low
img-297.jpg,42,14,588,3.0,174.88,40.85,Medium
img-297.jpg,150,47,7050,3.191,169.92,62.44,Medium
img-297.jpg,318,97,30846,3.278,164.4,65.47,Medium
img-298.jpg,117,44,5148,2.659,112.8,57.69,High
img-298.jpg,67,30,2010,2.233,137.03,61.47,Medium
img-299.jpg,116,84,9744,1.381,131.17,49.99,High
img-299.jpg,204,168,34272,1.214,129.0,49.43,High
img-299.jpg,163,73,11899,2.233,159.15,38.84,Low
img-3.jpg,224,204,45696,1.098,140.9,26.95,Medium
img-30.jpg,190,231,43890,0.823,152.4,35.54,High
img-30.jpg,44,61,2684,0.721,145.35,29.23,Low
img-30.jpg,48,45,2160,1.067,154.56,34.18,Low
img-300.jpg,230,42,9660,5.476,74.27,42.79,High
img-300.jpg,145,17,2465,8.529,63.68,41.24,High
img-300.jpg,63,15,945,4.2,77.49,34.81,High
img-300.jpg,299,95,28405,3.147,65.31,47.07,High
img-301.jpg,148,71,10508,2.085,112.0,43.24,High
img-301.jpg,112,46,5152,2.435,115.5,40.47,High
img-301.jpg,43,17,731,2.529,152.98,25.45,Low
img-301.jpg,41,20,820,2.05,128.42,35.07,Low
img-301.jpg,54,14,756,3.857,129.64,32.71,Low
img-302.jpg,227,172,39044,1.32,176.99,43.68,Medium
img-303.jpg,195,44,8580,4.432,151.53,68.0,Medium
img-303.jpg,78,58,4524,1.345,168.36,59.11,Medium
img-304.jpg,239,141,33699,1.695,85.15,18.55,High
img-304.jpg,248,178,44144,1.393,87.1,19.29,High
img-305.jpg,52,35,1820,1.486,102.65,39.54,High
img-305.jpg,106,61,6466,1.738,76.79,34.75,High
img-306.jpg,237,159,37683,1.491,88.26,27.8,High
img-306.jpg,115,118,13570,0.975,96.72,25.71,High
img-307.jpg,231,265,61215,0.872,131.38,66.91,High
img-308.jpg,93,50,4650,1.86,104.87,53.33,Medium
img-309.jpg,528,149,78672,3.544,143.38,47.74,High
img-31.jpg,210,131,27510,1.603,144.41,26.44,Medium
img-310.jpg,108,25,2700,4.32,80.29,63.54,Medium
img-310.jpg,73,18,1314,4.056,87.46,52.69,Medium
img-310.jpg,268,115,30820,2.33,67.76,58.04,Medium
img-311.jpg,336,206,69216,1.631,70.24,30.7,High
img-312.jpg,489,128,62592,3.82,118.42,54.76,Medium
img-313.jpg,39,13,507,3.0,101.21,38.37,Low
img-313.jpg,399,154,61446,2.591,60.13,41.08,Medium
img-314.jpg,164,203,33292,0.808,48.95,41.05,High
img-315.jpg,174,83,14442,2.096,125.08,46.19,High
img-315.jpg,43,26,1118,1.654,103.26,29.27,Low
img-315.jpg,66,15,990,4.4,115.43,33.44,Medium
img-315.jpg,24,10,240,2.4,149.36,36.16,Low
img-315.jpg,44,17,748,2.588,101.66,34.83,Low
img-316.jpg,229,155,35495,1.477,119.58,72.05,High
img-317.jpg,162,90,14580,1.8,111.77,42.67,High
img-318.jpg,285,90,25650,3.167,156.61,45.79,Medium
img-319.jpg,165,76,12540,2.171,113.57,46.59,High
img-32.jpg,143,87,12441,1.644,140.91,25.24,Low
img-32.jpg,251,223,55973,1.126,135.16,26.92,Medium
img-320.jpg,610,127,77470,4.803,92.11,47.48,High
img-320.jpg,86,35,3010,2.457,127.17,36.88,Low
img-321.jpg,253,140,35420,1.807,107.32,43.31,High
img-322.jpg,424,157,66568,2.701,70.37,64.11,High
img-323.jpg,123,36,4428,3.417,134.2,58.9,High
img-323.jpg,382,95,36290,4.021,127.61,52.43,High
img-323.jpg,70,35,2450,2.0,105.87,44.44,Low
img-323.jpg,60,11,660,5.455,127.73,54.56,Low
img-323.jpg,81,9,729,9.0,129.22,27.49,Low
img-324.jpg,187,132,24684,1.417,105.44,61.97,Medium
img-325.jpg,43,21,903,2.048,88.14,36.13,Medium
img-325.jpg,97,41,3977,2.366,78.43,22.57,High
img-325.jpg,50,15,750,3.333,112.19,43.66,Medium
img-325.jpg,47,25,1175,1.88,119.47,46.76,High
img-325.jpg,40,22,880,1.818,104.6,40.09,Medium
img-325.jpg,109,81,8829,1.346,59.33,36.78,High
img-326.jpg,205,150,30750,1.367,111.35,38.06,High
img-327.jpg,117,40,4680,2.925,77.64,35.52,Medium
img-327.jpg,337,179,60323,1.883,112.54,50.24,High
img-328.jpg,49,18,882,2.722,111.99,36.99,Medium
img-328.jpg,32,10,320,3.2,114.28,53.93,Low
img-328.jpg,135,36,4860,3.75,130.45,46.72,Medium
img-328.jpg,40,16,640,2.5,143.88,52.03,Medium
img-329.jpg,25,10,250,2.5,65.1,37.81,High
img-329.jpg,33,9,297,3.667,67.87,29.83,High
img-329.jpg,32,16,512,2.0,35.87,16.51,High
img-329.jpg,41,15,615,2.733,37.29,21.18,High
img-329.jpg,22,14,308,1.571,26.95,22.8,Medium
img-329.jpg,51,8,408,6.375,42.91,22.16,High
img-33.jpg,178,100,17800,1.78,136.96,21.15,Medium
img-33.jpg,114,90,10260,1.267,134.55,20.65,Low
img-330.jpg,221,204,45084,1.083,109.73,50.72,Medium
img-330.jpg,137,63,8631,2.175,165.01,45.92,Medium
img-331.jpg,95,61,5795,1.557,152.76,65.04,High
img-331.jpg,76,27,2052,2.815,182.08,58.28,High
img-331.jpg,66,15,990,4.4,199.97,58.78,High
img-331.jpg,45,12,540,3.75,187.91,57.79,High
img-331.jpg,39,10,390,3.9,168.32,60.88,High
img-331.jpg,35,8,280,4.375,181.15,47.49,High
img-331.jpg,24,8,192,3.0,176.08,48.08,High
img-331.jpg,45,14,630,3.214,154.91,33.86,Medium
img-331.jpg,32,12,384,2.667,163.32,34.73,Medium
img-331.jpg,27,9,243,3.0,155.56,31.64,Medium
img-331.jpg,33,10,330,3.3,171.56,28.08,Medium
img-331.jpg,23,9,207,2.556,164.58,29.33,Low
img-331.jpg,45,30,1350,1.5,156.98,33.61,Low
img-332.jpg,239,46,10994,5.196,123.08,60.41,High
img-332.jpg,89,13,1157,6.846,174.42,51.78,Medium
img-332.jpg,121,11,1331,11.0,139.73,47.9,Medium
img-332.jpg,137,21,2877,6.524,126.9,35.28,High
img-332.jpg,56,10,560,5.6,114.07,24.22,Medium
img-333.jpg,25,16,400,1.562,124.75,46.37,Medium
img-333.jpg,54,12,648,4.5,158.69,40.92,Medium
img-333.jpg,38,12,456,3.167,82.52,34.13,Low
img-333.jpg,123,41,5043,3.0,120.54,40.54,High
img-334.jpg,156,60,9360,2.6,145.2,42.13,High
img-334.jpg,67,25,1675,2.68,168.49,32.25,Medium
img-334.jpg,58,17,986,3.412,179.42,33.36,Low
img-334.jpg,286,159,45474,1.799,146.71,47.35,High
img-335.jpg,107,55,5885,1.945,162.83,46.17,Medium
img-335.jpg,66,30,1980,2.2,180.18,32.38,Medium
img-335.jpg,41,15,615,2.733,187.33,36.81,Low
img-335.jpg,132,57,7524,2.316,127.03,35.66,Low
img-335.jpg,56,32,1792,1.75,201.75,30.97,Low
img-336.jpg,68,31,2108,2.194,121.99,48.59,High
img-336.jpg,53,16,848,3.312,108.36,53.62,Medium
img-336.jpg,236,167,39412,1.413,86.76,44.4,High
img-337.jpg,193,86,16598,2.244,83.04,31.59,High
img-34.jpg,512,326,166912,1.571,153.75,25.29,High
img-340.jpg,210,63,13230,3.333,159.83,61.8,Medium
img-340.jpg,244,45,10980,5.422,105.76,57.46,Medium
img-341.jpg,205,96,19680,2.135,87.66,38.17,High
img-341.jpg,51,33,1683,1.545,133.13,50.51,High
img-341.jpg,70,38,2660,1.842,99.94,38.33,High
img-342.jpg,374,157,58718,2.382,62.81,25.91,Medium
img-343.jpg,539,161,86779,3.348,130.31,73.97,High
img-344.jpg,89,18,1602,4.944,110.7,37.03,Medium
img-344.jpg,74,11,814,6.727,127.36,32.13,Medium
img-344.jpg,90,37,3330,2.432,111.47,43.52,High
img-344.jpg,137,41,5617,3.341,95.44,39.69,High
img-344.jpg,141,59,8319,2.39,96.36,36.15,High
img-345.jpg,320,39,12480,8.205,114.38,57.19,High
img-345.jpg,97,22,2134,4.409,83.19,46.59,Medium
img-346.jpg,221,197,43537,1.122,149.02,35.75,High
img-346.jpg,56,29,1624,1.931,137.29,28.14,High
img-346.jpg,34,20,680,1.7,135.58,29.93,Medium
img-346.jpg,19,14,266,1.357,123.58,23.84,Low
img-347.jpg,169,98,16562,1.724,126.37,50.21,High
img-348.jpg,294,279,82026,1.054,83.07,56.18,High
img-35.jpg,150,79,11850,1.899,104.67,26.71,Medium
img-350.jpg,66,14,924,4.714,136.13,49.04,Medium
img-350.jpg,77,12,924,6.417,149.98,42.51,Medium
img-350.jpg,245,161,39445,1.522,147.88,51.94,High
img-350.jpg,180,33,5940,5.455,144.56,46.2,High
img-350.jpg,79,20,1580,3.95,153.42,42.04,Medium
img-351.jpg,467,199,92933,2.347,104.96,37.17,High
img-352.jpg,274,166,45484,1.651,133.22,42.91,High
img-352.jpg,44,29,1276,1.517,144.08,54.13,Low
img-353.jpg,36,22,792,1.636,99.22,70.6,Medium
img-353.jpg,55,22,1210,2.5,167.66,83.44,High
img-353.jpg,54,22,1188,2.455,144.46,76.42,High
img-354.jpg,62,21,1302,2.952,78.76,26.45,High
img-354.jpg,91,29,2639,3.138,96.58,34.16,High
img-354.jpg,73,30,2190,2.433,125.97,49.56,High
img-354.jpg,83,16,1328,5.188,65.08,10.49,High
img-354.jpg,39,11,429,3.545,100.17,23.75,Low
img-355.jpg,47,35,1645,1.343,86.13,56.76,Medium
img-356.jpg,141,71,10011,1.986,90.55,35.86,High
img-357.jpg,250,87,21750,2.874,118.0,57.5,Medium
img-358.jpg,86,50,4300,1.72,106.44,51.74,Medium
img-358.jpg,246,96,23616,2.562,112.69,50.2,High
img-359.jpg,129,33,4257,3.909,120.71,30.17,High
img-359.jpg,31,12,372,2.583,124.96,37.09,Medium
img-359.jpg,386,120,46320,3.217,127.06,42.22,High
img-36.jpg,159,171,27189,0.93,134.26,29.39,Medium
img-360.jpg,98,74,7252,1.324,82.92,32.58,Medium
img-360.jpg,82,35,2870,2.343,81.5,34.2,Medium
img-360.jpg,73,34,2482,2.147,109.26,34.83,Medium
img-360.jpg,91,17,1547,5.353,96.42,41.06,High
img-360.jpg,88,18,1584,4.889,88.21,28.5,Medium
img-360.jpg,82,7,574,11.714,78.4,29.29,Medium
img-360.jpg,41,9,369,4.556,100.56,21.76,Medium
img-361.jpg,247,180,44460,1.372,73.21,32.93,Medium
img-362.jpg,116,29,3364,4.0,126.89,55.78,Medium
img-362.jpg,150,28,4200,5.357,74.32,43.65,High
img-363.jpg,164,177,29028,0.927,134.62,55.26,High
img-364.jpg,224,104,23296,2.154,125.12,40.28,High
img-365.jpg,61,16,976,3.812,152.07,32.12,Medium
img-365.jpg,160,50,8000,3.2,161.97,58.09,High
img-365.jpg,347,107,37129,3.243,144.21,27.94,High
img-365.jpg,141,77,10857,1.831,177.72,67.03,High
img-366.jpg,378,124,46872,3.048,139.74,33.76,High
img-367.jpg,108,129,13932,0.837,65.7,31.32,High
img-368.jpg,41,27,1107,1.519,129.34,33.56,Medium
img-368.jpg,98,51,4998,1.922,123.68,45.66,High
img-368.jpg,95,46,4370,2.065,97.89,30.67,High
img-368.jpg,23,12,276,1.917,137.97,57.25,Low
img-368.jpg,41,8,328,5.125,156.33,37.56,Medium
img-369.jpg,470,250,117500,1.88,69.29,56.99,High
img-37.jpg,216,102,22032,2.118,140.05,45.24,Medium
img-37.jpg,220,58,12760,3.793,152.03,35.52,Medium
img-37.jpg,89,48,4272,1.854,160.81,32.57,Low
img-370.jpg,181,80,14480,2.263,102.57,23.08,High
img-371.jpg,91,86,7826,1.058,82.81,61.92,High
img-372.jpg,169,94,15886,1.798,111.31,29.56,Medium
img-373.jpg,244,130,31720,1.877,81.1,33.92,Medium
img-374.jpg,177,80,14160,2.212,132.47,59.14,High
img-374.jpg,123,18,2214,6.833,97.71,49.27,Low
img-374.jpg,41,8,328,5.125,120.68,46.03,Medium
img-375.jpg,95,35,3325,2.714,103.21,37.05,Medium
img-375.jpg,54,12,648,4.5,91.51,26.41,Low
img-376.jpg,77,21,1617,3.667,96.35,29.54,Medium
img-376.jpg,67,25,1675,2.68,93.25,32.97,Medium
img-377.jpg,49,9,441,5.444,105.21,58.14,Medium
img-377.jpg,257,126,32382,2.04,74.06,45.71,High
img-378.jpg,157,105,16485,1.495,82.72,50.67,High
img-379.jpg,161,54,8694,2.981,108.93,47.01,Medium
img-38.jpg,226,227,51302,0.996,135.18,24.78,Medium
img-38.jpg,65,43,2795,1.512,140.86,14.1,Low
img-380.jpg,339,203,68817,1.67,93.49,54.64,High
img-381.jpg,197,183,36051,1.077,108.57,60.52,High
img-382.jpg,168,29,4872,5.793,157.31,47.91,Medium
img-382.jpg,116,21,2436,5.524,173.45,43.11,High
img-382.jpg,64,8,512,8.0,140.15,58.42,High
img-383.jpg,50,15,750,3.333,148.91,44.01,High
img-383.jpg,39,18,702,2.167,151.69,35.84,Medium
img-383.jpg,43,13,559,3.308,155.92,37.28,Medium
img-383.jpg,54,18,972,3.0,142.7,23.02,Medium
img-383.jpg,145,40,5800,3.625,138.13,25.71,High
img-383.jpg,50,11,550,4.545,146.47,26.11,Medium
img-383.jpg,29,8,232,3.625,158.7,29.32,Medium
img-384.jpg,214,158,33812,1.354,84.89,50.09,High
img-384.jpg,117,64,7488,1.828,118.6,48.77,Medium
img-385.jpg,408,205,83640,1.99,141.96,55.84,High
img-386.jpg,367,210,77070,1.748,122.0,46.7,High
img-387.jpg,195,72,14040,2.708,64.09,30.92,Medium
img-387.jpg,62,25,1550,2.48,84.44,32.29,Low
img-388.jpg,77,76,5852,1.013,169.03,34.73,Medium
img-388.jpg,23,12,276,1.917,170.97,45.85,Medium
img-39.jpg,266,292,77672,0.911,133.03,47.67,Medium
img-390.jpg,187,298,55726,0.628,124.8,47.65,High
img-391.jpg,42,30,1260,1.4,81.4,39.45,High
img-391.jpg,156,99,15444,1.576,122.99,42.05,High
img-391.jpg,77,36,2772,2.139,113.95,38.83,High
img-391.jpg,38,23,874,1.652,122.67,32.87,Medium
img-391.jpg,21,15,315,1.4,134.93,25.24,Low
img-393.jpg,139,43,5977,3.233,142.69,49.49,High
img-393.jpg,128,59,7552,2.169,137.51,44.54,Medium
img-394.jpg,138,85,11730,1.624,146.09,73.4,Medium
img-394.jpg,302,136,41072,2.221,121.29,60.29,Medium
img-395.jpg,30,11,330,2.727,102.63,55.41,Medium
img-395.jpg,85,43,3655,1.977,89.25,58.01,Medium
img-395.jpg,105,42,4410,2.5,74.51,57.72,Medium
img-396.jpg,532,207,110124,2.57,96.81,34.12,High
img-397.jpg,61,25,1525,2.44,104.24,41.24,Medium
img-397.jpg,103,22,2266,4.682,113.54,41.32,Medium
img-397.jpg,78,29,2262,2.69,120.2,43.37,Medium
img-398.jpg,576,260,149760,2.215,125.86,47.36,High
img-399.jpg,27,16,432,1.688,103.98,41.42,Medium
img-399.jpg,112,22,2464,5.091,131.93,40.17,High
img-399.jpg,106,87,9222,1.218,129.53,47.96,Medium
img-399.jpg,45,63,2835,0.714,147.86,46.98,Medium
img-399.jpg,166,80,13280,2.075,136.87,53.84,High
img-399.jpg,35,22,770,1.591,149.71,49.85,Low
img-399.jpg,58,24,1392,2.417,154.56,55.25,Medium
img-399.jpg,27,12,324,2.25,158.49,53.19,Low
img-399.jpg,27,13,351,2.077,156.9,55.47,Low
img-399.jpg,50,20,1000,2.5,125.5,38.52,Medium
img-399.jpg,21,10,210,2.1,136.52,34.05,Low
img-399.jpg,25,17,425,1.471,115.86,29.62,Low
img-399.jpg,27,18,486,1.5,139.14,44.45,Low
img-399.jpg,76,13,988,5.846,131.86,39.15,High
img-4.jpg,399,266,106134,1.5,103.54,45.37,Medium
img-40.jpg,208,253,52624,0.822,130.82,39.69,Medium
img-400.jpg,288,204,58752,1.412,111.37,35.58,High
img-401.jpg,311,50,15550,6.22,143.39,33.5,High
img-402.jpg,116,133,15428,0.872,145.31,71.79,High
img-403.jpg,352,109,38368,3.229,117.06,36.36,High
img-404.jpg,224,176,39424,1.273,80.15,32.09,High
img-404.jpg,46,24,1104,1.917,97.72,31.23,Low
img-404.jpg,46,29,1334,1.586,103.87,38.95,Medium
img-405.jpg,113,98,11074,1.153,179.82,31.94,Medium
img-405.jpg,130,66,8580,1.97,157.69,22.95,Medium
img-405.jpg,41,27,1107,1.519,170.0,20.41,Low
img-405.jpg,118,71,8378,1.662,173.5,22.25,Medium
img-405.jpg,108,39,4212,2.769,179.81,16.91,Medium
img-405.jpg,58,21,1218,2.762,185.33,20.23,Low
img-405.jpg,51,16,816,3.188,175.3,27.34,Low
img-405.jpg,32,32,1024,1.0,159.41,19.1,Low
img-406.jpg,380,240,91200,1.583,122.84,56.8,High
img-407.jpg,62,12,744,5.167,144.55,56.84,Medium
img-407.jpg,66,24,1584,2.75,139.08,44.01,Medium
img-407.jpg,118,54,6372,2.185,133.69,46.01,High
img-407.jpg,45,12,540,3.75,140.18,45.63,Medium
img-407.jpg,71,23,1633,3.087,135.59,39.09,Medium
img-407.jpg,35,40,1400,0.875,141.41,36.45,Medium
img-407.jpg,73,14,1022,5.214,135.29,39.61,Medium
img-407.jpg,25,11,275,2.273,164.36,42.52,Low
img-407.jpg,33,8,264,4.125,148.17,41.95,Medium
img-408.jpg,75,20,1500,3.75,139.83,25.64,Medium
img-408.jpg,27,9,243,3.0,131.6,29.25,Low
img-408.jpg,142,79,11218,1.797,124.16,38.36,Medium
img-409.jpg,95,53,5035,1.792,106.0,28.2,Low
img-409.jpg,243,81,19683,3.0,141.87,31.12,Medium
img-409.jpg,68,69,4692,0.986,133.01,29.0,Low
img-41.jpg,395,166,65570,2.38,144.89,25.88,Medium
img-41.jpg,214,82,17548,2.61,142.22,20.27,Medium
img-410.jpg,169,143,24167,1.182,105.12,61.83,High
img-411.jpg,98,55,5390,1.782,102.56,51.18,Medium
img-411.jpg,80,28,2240,2.857,124.7,55.66,Medium
img-411.jpg,64,19,1216,3.368,137.33,64.73,Medium
img-411.jpg,45,12,540,3.75,137.33,64.75,Medium
img-411.jpg,56,17,952,3.294,122.18,48.26,Medium
img-411.jpg,44,13,572,3.385,93.0,24.46,Medium
img-411.jpg,36,11,396,3.273,97.64,26.42,Medium
img-411.jpg,23,7,161,3.286,98.72,24.57,Medium
img-411.jpg,33,8,264,4.125,136.16,58.59,Medium
img-411.jpg,35,8,280,4.375,119.44,47.17,Medium
img-411.jpg,44,27,1188,1.63,85.36,23.83,Low
img-411.jpg,24,7,168,3.429,122.55,48.81,Medium
img-411.jpg,35,10,350,3.5,97.5,25.69,Low
img-412.jpg,188,113,21244,1.664,130.37,55.82,High
img-412.jpg,50,24,1200,2.083,132.27,40.14,Low
img-413.jpg,85,18,1530,4.722,55.26,25.75,Medium
img-413.jpg,86,14,1204,6.143,66.04,29.28,Medium
img-413.jpg,124,30,3720,4.133,75.95,41.5,High
img-414.jpg,306,150,45900,2.04,132.18,42.32,Medium
img-415.jpg,111,46,5106,2.413,101.61,65.09,High
img-415.jpg,74,18,1332,4.111,120.67,42.61,Medium
img-416.jpg,104,32,3328,3.25,131.34,52.51,High
img-416.jpg,227,101,22927,2.248,128.34,52.25,High
img-417.jpg,336,156,52416,2.154,79.07,55.43,Medium
img-418.jpg,55,14,770,3.929,94.93,41.27,Medium
img-418.jpg,42,23,966,1.826,107.8,36.23,Medium
img-418.jpg,89,30,2670,2.967,117.45,38.82,High
img-418.jpg,88,35,3080,2.514,158.17,47.25,Medium
img-418.jpg,62,22,1364,2.818,126.22,40.93,Medium
img-418.jpg,34,8,272,4.25,122.88,42.25,Medium
img-418.jpg,38,16,608,2.375,110.27,27.88,Low
img-419.jpg,153,139,21267,1.101,86.66,41.49,High
img-419.jpg,136,187,25432,0.727,141.44,63.98,High
img-42.jpg,141,94,13254,1.5,87.72,35.33,Medium
img-42.jpg,345,116,40020,2.974,137.78,37.22,High
img-420.jpg,284,109,30956,2.606,113.24,51.8,High
img-421.jpg,126,36,4536,3.5,113.34,35.0,Medium
img-421.jpg,74,43,3182,1.721,117.87,30.64,Medium
img-421.jpg,58,37,2146,1.568,119.3,27.18,Medium
img-421.jpg,17,11,187,1.545,121.97,31.32,Medium
img-422.jpg,400,130,52000,3.077,99.96,41.31,Medium
img-423.jpg,173,80,13840,2.163,108.14,48.67,High
img-424.jpg,419,152,63688,2.757,91.86,32.76,Medium
img-425.jpg,134,49,6566,2.735,137.17,31.06,Medium
img-425.jpg,156,30,4680,5.2,133.04,23.73,Medium
img-426.jpg,437,220,96140,1.986,96.01,33.74,High
img-427.jpg,198,106,20988,1.868,84.78,34.56,High
img-428.jpg,110,50,5500,2.2,89.06,27.96,High
img-428.jpg,57,22,1254,2.591,108.89,32.11,Medium
img-428.jpg,53,21,1113,2.524,94.94,34.13,High
img-428.jpg,32,12,384,2.667,122.3,32.17,Medium
img-428.jpg,33,9,297,3.667,113.42,40.59,High
img-428.jpg,38,8,304,4.75,113.57,40.52,High
img-429.jpg,434,121,52514,3.587,119.06,36.38,Medium
img-429.jpg,170,68,11560,2.5,108.48,26.51,Low
img-43.jpg,288,148,42624,1.946,154.87,33.36,High
img-43.jpg,172,255,43860,0.675,151.27,31.95,Medium
img-43.jpg,58,80,4640,0.725,153.45,31.95,Low
img-430.jpg,146,47,6862,3.106,109.36,62.32,High
img-430.jpg,42,12,504,3.5,160.73,59.39,Medium
img-431.jpg,85,30,2550,2.833,143.34,61.31,High
img-431.jpg,316,58,18328,5.448,135.55,46.29,High
img-431.jpg,260,44,11440,5.909,149.55,28.7,High
img-431.jpg,94,18,1692,5.222,165.0,50.37,Medium
img-432.jpg,263,155,40765,1.697,146.89,39.61,Medium
img-433.jpg,138,114,15732,1.211,118.51,47.44,Medium
img-433.jpg,113,84,9492,1.345,144.54,50.92,Medium
img-434.jpg,232,124,28768,1.871,83.69,49.84,High
img-435.jpg,181,55,9955,3.291,130.18,41.85,Medium
img-436.jpg,43,14,602,3.071,176.85,34.35,Low
img-436.jpg,86,29,2494,2.966,174.54,44.28,Medium
img-436.jpg,46,26,1196,1.769,171.09,51.96,High
img-436.jpg,63,35,2205,1.8,183.8,32.78,Medium
img-436.jpg,24,13,312,1.846,194.86,37.16,Low
img-436.jpg,50,13,650,3.846,178.68,36.97,Medium
img-436.jpg,200,46,9200,4.348,157.58,45.45,Medium
img-437.jpg,532,149,79268,3.57,127.99,42.49,High
img-438.jpg,121,72,8712,1.681,54.43,53.82,High
img-439.jpg,466,164,76424,2.841,145.72,51.21,High
img-439.jpg,77,32,2464,2.406,169.92,43.81,Medium
img-439.jpg,131,26,3406,5.038,134.28,42.37,Low
img-44.jpg,156,94,14664,1.66,143.54,19.44,Medium
img-44.jpg,98,48,4704,2.042,142.3,19.5,Low
img-440.jpg,423,259,109557,1.633,132.03,52.6,High
img-441.jpg,175,55,9625,3.182,127.63,38.39,High
img-441.jpg,66,24,1584,2.75,119.0,18.31,Low
img-441.jpg,32,11,352,2.909,128.86,25.96,Medium
img-442.jpg,109,68,7412,1.603,131.48,47.3,High
img-443.jpg,107,30,3210,3.567,122.84,28.79,High
img-443.jpg,34,7,238,4.857,108.18,33.58,Medium
img-443.jpg,69,10,690,6.9,133.63,35.64,Medium
img-443.jpg,155,39,6045,3.974,129.89,43.59,High
img-443.jpg,166,67,11122,2.478,105.98,37.14,High
img-444.jpg,74,42,3108,1.762,167.89,45.03,Medium
img-444.jpg,42,19,798,2.211,149.42,45.8,Medium
img-444.jpg,74,28,2072,2.643,157.19,43.45,Medium
img-444.jpg,43,12,516,3.583,139.29,41.97,Medium
img-444.jpg,54,28,1512,1.929,153.71,48.39,Medium
img-444.jpg,136,81,11016,1.679,147.77,44.33,Medium
img-444.jpg,21,9,189,2.333,130.74,41.67,Medium
img-444.jpg,14,5,70,2.8,132.33,50.31,Medium
img-445.jpg,279,121,33759,2.306,130.6,59.98,High
img-445.jpg,62,14,868,4.429,180.88,67.58,Medium
img-446.jpg,35,10,350,3.5,149.67,55.35,Medium
img-446.jpg,24,10,240,2.4,133.5,56.96,High
img-446.jpg,21,6,126,3.5,135.53,57.86,Medium
img-446.jpg,34,8,272,4.25,150.03,63.04,Medium
img-446.jpg,66,19,1254,3.474,157.66,53.36,Medium
img-446.jpg,127,44,5588,2.886,141.29,52.44,High
img-446.jpg,46,24,1104,1.917,143.67,40.62,Low
img-446.jpg,65,39,2535,1.667,124.94,36.73,Medium
img-447.jpg,258,150,38700,1.72,96.16,18.11,High
img-448.jpg,327,131,42837,2.496,143.06,50.27,High
img-448.jpg,152,80,12160,1.9,172.04,46.3,Medium
img-448.jpg,33,18,594,1.833,194.96,40.62,Low
img-449.jpg,173,95,16435,1.821,147.93,49.05,Medium
img-449.jpg,100,57,5700,1.754,114.79,29.93,High
img-449.jpg,48,26,1248,1.846,148.67,35.38,Low
img-449.jpg,446,165,73590,2.703,128.48,37.82,Medium
img-45.jpg,177,98,17346,1.806,157.06,33.41,Medium
img-450.jpg,223,86,19178,2.593,125.71,41.28,High
img-451.jpg,43,28,1204,1.536,42.51,21.8,Medium
img-451.jpg,107,71,7597,1.507,57.67,32.11,High
img-451.jpg,55,29,1595,1.897,62.06,28.07,Medium
img-452.jpg,399,204,81396,1.956,99.72,45.21,High
img-453.jpg,190,119,22610,1.597,75.19,40.0,High
img-454.jpg,33,8,264,4.125,111.0,36.17,Medium
img-454.jpg,139,33,4587,4.212,106.69,36.91,High
img-454.jpg,171,76,12996,2.25,104.93,34.23,High
img-454.jpg,63,15,945,4.2,114.14,35.61,High
img-455.jpg,57,29,1653,1.966,107.25,49.27,High
img-456.jpg,296,61,18056,4.852,135.69,74.93,High
img-457.jpg,28,11,308,2.545,123.51,39.28,Medium
img-457.jpg,24,8,192,3.0,140.62,38.5,Medium
img-457.jpg,154,45,6930,3.422,119.15,34.14,Medium
img-458.jpg,270,48,12960,5.625,102.46,74.42,High
img-459.jpg,154,26,4004,5.923,79.25,25.06,Medium
img-459.jpg,256,69,17664,3.71,94.82,32.8,High
img-46.jpg,219,123,26937,1.78,111.74,34.61,Medium
img-460.jpg,231,40,9240,5.775,101.0,42.24,Medium
img-460.jpg,215,70,15050,3.071,105.77,28.58,Medium
img-461.jpg,91,56,5096,1.625,125.38,49.28,Medium
img-462.jpg,128,69,8832,1.855,94.37,37.05,High
img-463.jpg,274,107,29318,2.561,102.58,34.31,High
img-464.jpg,292,186,54312,1.57,129.55,42.76,High
img-465.jpg,314,109,34226,2.881,125.54,32.32,High
img-465.jpg,154,45,6930,3.422,113.45,24.44,Medium
img-465.jpg,119,39,4641,3.051,100.84,24.76,Medium
img-466.jpg,121,53,6413,2.283,119.72,40.13,High
img-467.jpg,476,65,30940,7.323,116.78,35.93,High
img-468.jpg,138,32,4416,4.312,95.16,38.07,High
img-469.jpg,137,107,14659,1.28,78.39,42.27,High
img-469.jpg,90,34,3060,2.647,91.26,33.11,Medium
img-469.jpg,37,22,814,1.682,102.02,36.04,Low
img-47.jpg,236,144,33984,1.639,163.01,28.04,Medium
img-470.jpg,128,64,8192,2.0,123.88,47.46,High
img-471.jpg,89,32,2848,2.781,157.29,55.75,High
img-471.jpg,52,36,1872,1.444,143.66,49.54,Medium
img-471.jpg,46,19,874,2.421,173.03,63.58,Medium
img-471.jpg,37,15,555,2.467,151.26,61.09,Medium
img-471.jpg,38,15,570,2.533,167.59,58.06,Medium
img-471.jpg,34,10,340,3.4,174.05,49.34,Medium
img-471.jpg,65,12,780,5.417,192.05,56.02,High
img-471.jpg,39,12,468,3.25,170.0,61.72,Medium
img-471.jpg,35,8,280,4.375,146.37,52.27,Medium
img-471.jpg,62,26,1612,2.385,165.8,54.42,High
img-471.jpg,40,13,520,3.077,165.66,49.22,Medium
img-471.jpg,45,15,675,3.0,168.19,50.6,Medium
img-471.jpg,27,7,189,3.857,169.02,45.22,Medium
img-471.jpg,28,7,196,4.0,167.06,47.44,Medium
img-471.jpg,43,9,387,4.778,151.88,48.57,High
img-471.jpg,41,8,328,5.125,194.66,53.76,High
img-471.jpg,26,6,156,4.333,161.47,48.08,Medium
img-471.jpg,23,6,138,3.833,149.49,55.17,Medium
img-472.jpg,333,128,42624,2.602,130.23,56.01,High
img-473.jpg,288,101,29088,2.851,104.28,71.9,High
img-474.jpg,121,54,6534,2.241,118.94,52.08,Medium
img-474.jpg,71,33,2343,2.152,141.45,61.44,High
img-474.jpg,66,31,2046,2.129,151.12,53.66,Medium
img-475.jpg,398,219,87162,1.817,129.42,46.68,High
img-476.jpg,67,30,2010,2.233,138.17,41.24,Medium
img-476.jpg,34,15,510,2.267,161.48,52.43,Medium
img-476.jpg,41,29,1189,1.414,137.66,47.09,Medium
img-476.jpg,66,42,2772,1.571,134.55,55.67,High
img-477.jpg,140,69,9660,2.029,100.81,58.09,High
img-477.jpg,89,25,2225,3.56,137.78,36.31,Medium
img-477.jpg,125,82,10250,1.524,104.97,43.89,Medium
img-478.jpg,217,123,26691,1.764,112.56,56.6,High
img-478.jpg,65,18,1170,3.611,70.19,38.58,High
img-48.jpg,256,95,24320,2.695,140.47,26.88,Medium
img-48.jpg,100,72,7200,1.389,139.32,25.43,Low
img-482.jpg,61,13,793,4.692,84.38,38.79,High
img-482.jpg,173,15,2595,11.533,75.48,43.21,High
img-482.jpg,251,46,11546,5.457,83.77,49.89,High
img-482.jpg,408,93,37944,4.387,76.95,52.32,High
img-483.jpg,233,233,54289,1.0,132.34,23.42,High
img-484.jpg,72,10,720,7.2,131.24,39.64,Medium
img-484.jpg,31,11,341,2.818,134.91,46.55,Medium
img-484.jpg,143,52,7436,2.75,139.25,50.48,High
img-484.jpg,80,28,2240,2.857,141.0,51.26,High
img-484.jpg,357,118,42126,3.025,108.62,47.06,High
img-485.jpg,387,127,49149,3.047,200.9,66.15,High
img-486.jpg,118,36,4248,3.278,107.19,52.47,High
img-486.jpg,104,33,3432,3.152,102.37,31.57,Medium
img-486.jpg,69,32,2208,2.156,112.2,29.26,Low
img-486.jpg,79,31,2449,2.548,102.38,31.84,Medium
img-486.jpg,124,66,8184,1.879,126.74,52.15,Medium
img-486.jpg,53,11,583,4.818,151.71,56.21,Medium
img-487.jpg,174,41,7134,4.244,73.98,32.11,High
img-487.jpg,383,136,52088,2.816,89.97,40.96,High
img-488.jpg,28,23,644,1.217,101.92,47.43,Medium
img-488.jpg,207,54,11178,3.833,92.75,46.46,High
img-489.jpg,178,145,25810,1.228,131.46,55.11,High
img-489.jpg,65,36,2340,1.806,119.95,56.17,Medium
img-49.jpg,252,222,55944,1.135,142.64,27.82,Medium
img-49.jpg,147,73,10731,2.014,141.34,25.57,Low
img-490.jpg,123,36,4428,3.417,157.49,52.45,Medium
img-490.jpg,157,20,3140,7.85,133.22,39.1,Low
img-490.jpg,99,28,2772,3.536,118.32,43.75,Medium
img-490.jpg,467,125,58375,3.736,141.63,59.14,Medium
img-491.jpg,203,62,12586,3.274,127.61,47.56,Medium
img-491.jpg,150,71,10650,2.113,101.95,29.87,High
img-492.jpg,106,38,4028,2.789,173.82,56.48,High
img-492.jpg,41,17,697,2.412,159.69,51.5,Medium
img-492.jpg,68,16,1088,4.25,136.44,31.99,High
img-492.jpg,39,22,858,1.773,173.72,55.72,Medium
img-492.jpg,275,186,51150,1.478,126.47,33.31,High
img-493.jpg,26,16,416,1.625,135.18,48.54,High
img-493.jpg,18,11,198,1.636,122.56,44.43,High
img-493.jpg,20,13,260,1.538,133.27,38.46,Medium
img-493.jpg,28,17,476,1.647,127.11,44.49,Medium
img-493.jpg,64,55,3520,1.164,123.0,42.2,High
img-493.jpg,16,20,320,0.8,131.86,41.2,Medium
img-493.jpg,17,21,357,0.81,146.57,40.35,Medium
img-493.jpg,15,9,135,1.667,146.38,31.3,Medium
img-493.jpg,44,15,660,2.933,142.21,28.36,Medium
img-493.jpg,13,10,130,1.3,141.78,37.59,Medium
img-493.jpg,13,9,117,1.444,140.43,35.96,Low
img-493.jpg,23,10,230,2.3,142.31,42.78,Medium
img-493.jpg,18,7,126,2.571,147.67,37.2,Medium
img-493.jpg,19,11,209,1.727,129.81,42.78,Medium
img-493.jpg,12,10,120,1.2,143.47,42.68,Low
img-493.jpg,35,47,1645,0.745,95.89,38.95,Medium
img-494.jpg,45,24,1080,1.875,175.68,31.61,Medium
img-494.jpg,29,27,783,1.074,175.05,16.32,Low
img-494.jpg,197,154,30338,1.279,134.57,40.46,High
img-494.jpg,41,20,820,2.05,92.01,26.42,Low
img-495.jpg,408,241,98328,1.693,116.05,59.27,High
img-496.jpg,464,194,90016,2.392,65.42,43.52,High
img-497.jpg,245,209,51205,1.172,105.73,53.72,High
img-498.jpg,111,37,4107,3.0,74.8,48.77,High
img-498.jpg,43,21,903,2.048,97.98,45.25,Low
img-498.jpg,38,14,532,2.714,85.05,35.98,Medium
img-498.jpg,46,15,690,3.067,99.28,36.08,Medium
img-498.jpg,36,9,324,4.0,111.37,38.16,High
img-499.jpg,237,113,26781,2.097,116.63,46.54,High
img-5.jpg,295,97,28615,3.041,102.67,23.55,Medium
img-5.jpg,87,54,4698,1.611,105.72,28.22,Low
img-50.jpg,118,72,8496,1.639,124.22,45.46,Medium
img-500.jpg,128,49,6272,2.612,162.18,63.14,Medium
img-500.jpg,76,61,4636,1.246,173.15,53.54,Medium
img-501.jpg,123,41,5043,3.0,125.12,63.25,Medium
img-501.jpg,56,19,1064,2.947,128.94,57.53,Medium
img-501.jpg,175,36,6300,4.861,145.3,68.03,High
img-502.jpg,62,20,1240,3.1,123.24,45.72,Medium
img-502.jpg,47,24,1128,1.958,107.71,46.31,Low
img-502.jpg,58,21,1218,2.762,106.37,34.38,High
img-502.jpg,148,36,5328,4.111,132.91,48.19,High
img-502.jpg,180,45,8100,4.0,72.45,25.0,High
img-502.jpg,283,128,36224,2.211,116.33,37.58,High
img-503.jpg,448,149,66752,3.007,79.18,59.75,High
img-504.jpg,49,26,1274,1.885,107.57,37.38,Low
img-504.jpg,95,56,5320,1.696,114.66,24.42,Low
img-504.jpg,274,105,28770,2.61,97.58,28.25,Medium
img-505.jpg,171,71,12141,2.408,136.1,55.59,High
img-506.jpg,256,122,31232,2.098,124.99,34.66,High
img-507.jpg,101,23,2323,4.391,89.4,40.43,High
img-507.jpg,201,38,7638,5.289,107.07,39.58,High
img-507.jpg,57,9,513,6.333,94.84,43.48,Medium
img-507.jpg,114,28,3192,4.071,122.85,33.17,Medium
img-507.jpg,129,19,2451,6.789,115.85,31.77,High
img-507.jpg,135,18,2430,7.5,107.77,24.65,High
img-507.jpg,112,12,1344,9.333,109.94,26.33,High
img-508.jpg,126,42,5292,3.0,132.16,43.6,High
img-508.jpg,96,23,2208,4.174,143.09,51.29,High
img-508.jpg,127,43,5461,2.953,133.1,50.27,High
img-508.jpg,93,41,3813,2.268,136.43,56.14,High
img-508.jpg,107,40,4280,2.675,145.37,39.73,Medium
img-508.jpg,162,85,13770,1.906,137.35,44.86,Medium
img-508.jpg,204,90,18360,2.267,133.15,48.23,High
img-508.jpg,79,25,1975,3.16,123.89,28.04,Medium
img-508.jpg,94,34,3196,2.765,127.39,37.35,Medium
img-508.jpg,88,18,1584,4.889,134.7,26.24,Medium
img-509.jpg,104,115,11960,0.904,141.49,38.6,Medium
img-509.jpg,118,76,8968,1.553,139.72,50.27,Medium
img-509.jpg,38,28,1064,1.357,102.36,48.2,Low
img-509.jpg,68,29,1972,2.345,156.71,60.84,Medium
img-509.jpg,52,21,1092,2.476,107.67,22.65,Medium
img-509.jpg,146,60,8760,2.433,130.78,51.05,Medium
img-509.jpg,36,17,612,2.118,161.1,66.04,Low
img-509.jpg,27,13,351,2.077,164.1,60.73,Low
img-509.jpg,166,139,23074,1.194,130.02,46.99,Medium
img-51.jpg,166,103,17098,1.612,140.11,20.9,Medium
img-51.jpg,101,106,10706,0.953,142.66,18.83,Low
img-510.jpg,62,28,1736,2.214,152.26,62.61,Medium
img-510.jpg,45,20,900,2.25,168.57,50.04,Low
img-510.jpg,40,16,640,2.5,183.58,40.76,Low
img-510.jpg,41,16,656,2.562,177.44,53.11,Medium
img-510.jpg,40,19,760,2.105,177.08,57.13,Medium
img-510.jpg,37,22,814,1.682,190.0,45.46,Medium
img-510.jpg,91,43,3913,2.116,164.82,53.8,Medium
img-510.jpg,62,42,2604,1.476,154.73,53.78,Medium
img-510.jpg,95,29,2755,3.276,183.91,53.41,High
img-510.jpg,64,17,1088,3.765,170.67,55.75,High
img-510.jpg,40,13,520,3.077,183.02,69.18,Medium
img-510.jpg,38,16,608,2.375,153.95,57.58,High
img-510.jpg,33,16,528,2.062,170.93,63.94,Medium
img-510.jpg,57,19,1083,3.0,145.18,47.04,Medium
img-510.jpg,56,24,1344,2.333,165.5,70.94,High
img-510.jpg,32,13,416,2.462,180.44,61.66,Low
img-510.jpg,34,13,442,2.615,166.25,46.01,Low
img-511.jpg,248,140,34720,1.771,101.37,42.97,High
img-512.jpg,89,40,3560,2.225,129.1,31.06,High
img-512.jpg,34,11,374,3.091,149.04,27.4,Low
img-512.jpg,40,13,520,3.077,138.49,27.8,Medium
img-512.jpg,181,89,16109,2.034,130.72,35.28,High
img-512.jpg,130,55,7150,2.364,116.33,30.21,Medium
img-513.jpg,266,88,23408,3.023,110.71,40.67,High
img-514.jpg,39,24,936,1.625,172.17,73.58,Low
img-514.jpg,32,17,544,1.882,140.76,71.28,Medium
img-514.jpg,41,23,943,1.783,124.87,72.59,Medium
img-514.jpg,45,27,1215,1.667,129.28,60.1,Medium
img-514.jpg,18,10,180,1.8,131.68,61.07,Medium
img-514.jpg,129,140,18060,0.921,122.5,65.76,High
img-515.jpg,213,149,31737,1.43,119.17,57.65,High
img-516.jpg,106,127,13462,0.835,48.79,41.24,High
img-516.jpg,55,35,1925,1.571,38.64,31.88,Low
img-516.jpg,131,51,6681,2.569,52.11,23.34,High
img-516.jpg,50,26,1300,1.923,148.76,54.2,Low
img-517.jpg,102,36,3672,2.833,162.94,69.17,Medium
img-517.jpg,352,81,28512,4.346,147.21,70.03,High
img-518.jpg,315,119,37485,2.647,119.64,37.23,High
img-519.jpg,45,10,450,4.5,91.56,55.03,Medium
img-519.jpg,36,9,324,4.0,153.4,44.87,Medium
img-519.jpg,52,12,624,4.333,170.99,57.09,High
img-519.jpg,66,20,1320,3.3,118.65,57.33,High
img-519.jpg,64,25,1600,2.56,113.48,56.63,Medium
img-519.jpg,48,7,336,6.857,151.13,48.88,Medium
img-519.jpg,13,8,104,1.625,156.2,28.19,Medium
img-519.jpg,189,166,31374,1.139,74.72,50.52,High
img-52.jpg,210,126,26460,1.667,181.69,32.59,Medium
img-52.jpg,98,58,5684,1.69,159.51,29.72,Low
img-520.jpg,270,70,18900,3.857,113.61,76.63,High
img-521.jpg,242,94,22748,2.574,133.62,50.78,High
img-522.jpg,159,51,8109,3.118,97.02,66.18,High
img-522.jpg,28,11,308,2.545,145.11,66.94,Medium
img-522.jpg,133,33,4389,4.03,113.23,57.9,High
img-523.jpg,239,77,18403,3.104,95.07,41.37,High
img-523.jpg,65,21,1365,3.095,102.9,32.02,Low
img-524.jpg,162,54,8748,3.0,104.38,29.07,High
img-524.jpg,88,16,1408,5.5,108.35,31.8,Low
img-524.jpg,99,27,2673,3.667,116.68,25.35,Medium
img-524.jpg,66,23,1518,2.87,94.33,30.76,Medium
img-524.jpg,194,44,8536,4.409,106.63,28.51,Medium
img-525.jpg,177,53,9381,3.34,107.13,41.66,High
img-525.jpg,64,35,2240,1.829,90.86,35.45,Medium
img-525.jpg,72,32,2304,2.25,107.56,35.07,Low
img-525.jpg,98,24,2352,4.083,100.93,46.57,High
img-526.jpg,119,32,3808,3.719,135.79,51.82,High
img-526.jpg,58,30,1740,1.933,123.34,40.29,High
img-526.jpg,40,12,480,3.333,68.9,30.89,High
img-526.jpg,106,50,5300,2.12,90.4,37.98,High
img-526.jpg,197,35,6895,5.629,103.27,21.42,High
img-526.jpg,160,73,11680,2.192,92.04,39.3,High
img-526.jpg,40,32,1280,1.25,41.02,22.74,Medium
img-526.jpg,45,10,450,4.5,68.29,32.02,High
img-526.jpg,72,34,2448,2.118,91.52,35.45,Medium
img-526.jpg,89,15,1335,5.933,96.46,44.33,Medium
img-527.jpg,160,53,8480,3.019,45.47,49.49,High
img-528.jpg,299,252,75348,1.187,124.63,61.22,High
img-529.jpg,99,52,5148,1.904,140.16,28.01,High
img-529.jpg,70,40,2800,1.75,123.45,28.61,High
img-529.jpg,65,41,2665,1.585,100.09,24.49,Medium
img-529.jpg,158,112,17696,1.411,118.39,31.21,Medium
img-53.jpg,245,216,52920,1.134,143.51,47.16,Medium
img-53.jpg,90,127,11430,0.709,138.68,43.66,Low
img-530.jpg,58,39,2262,1.487,126.49,52.31,High
img-530.jpg,82,15,1230,5.467,130.74,30.23,Medium
img-530.jpg,158,40,6320,3.95,130.53,61.68,High
img-530.jpg,163,41,6683,3.976,135.06,64.18,High
img-530.jpg,119,52,6188,2.288,125.79,74.28,High
img-530.jpg,126,50,6300,2.52,144.78,54.61,Medium
img-530.jpg,233,113,26329,2.062,127.42,63.07,High
img-530.jpg,156,101,15756,1.545,140.49,62.29,Medium
img-531.jpg,43,16,688,2.688,136.36,46.57,Medium
img-531.jpg,58,23,1334,2.522,169.01,42.27,Medium
img-531.jpg,52,21,1092,2.476,150.44,40.5,Medium
img-531.jpg,67,33,2211,2.03,135.21,32.55,Medium
img-531.jpg,46,13,598,3.538,173.11,45.72,High
img-531.jpg,50,7,350,7.143,165.75,51.57,High
img-531.jpg,15,8,120,1.875,161.26,53.27,Medium
img-531.jpg,66,26,1716,2.538,98.78,19.94,Medium
img-531.jpg,140,37,5180,3.784,116.39,30.38,Medium
img-532.jpg,135,104,14040,1.298,111.49,61.82,High
img-532.jpg,78,26,2028,3.0,108.68,50.34,Medium
img-533.jpg,58,25,1450,2.32,92.2,52.52,High
img-533.jpg,60,16,960,3.75,88.41,59.39,High
img-533.jpg,412,129,53148,3.194,99.02,60.09,High
img-534.jpg,36,10,360,3.6,107.71,52.73,Medium
img-534.jpg,52,17,884,3.059,124.73,44.59,Medium
img-534.jpg,161,45,7245,3.578,128.58,40.63,High
img-534.jpg,147,14,2058,10.5,100.45,41.48,High
img-534.jpg,95,15,1425,6.333,126.85,39.25,High
img-535.jpg,172,67,11524,2.567,117.29,76.04,High
img-535.jpg,129,41,5289,3.146,145.09,69.64,High
img-535.jpg,52,25,1300,2.08,175.06,66.77,Medium
img-535.jpg,42,11,462,3.818,163.94,68.02,Medium
img-535.jpg,34,9,306,3.778,167.65,61.99,Medium
img-536.jpg,530,250,132500,2.12,96.02,46.08,High
img-537.jpg,239,284,67876,0.842,131.1,65.63,High
img-538.jpg,293,180,52740,1.628,126.78,54.64,High
img-539.jpg,108,77,8316,1.403,129.7,43.2,Low
img-539.jpg,39,39,1521,1.0,113.93,40.74,Low
img-539.jpg,116,21,2436,5.524,120.53,41.0,Medium
img-539.jpg,173,46,7958,3.761,116.22,49.85,High
img-54.jpg,253,210,53130,1.205,148.31,22.91,Medium
img-540.jpg,46,21,966,2.19,118.22,54.37,High
img-540.jpg,177,152,26904,1.164,120.05,55.92,High
img-541.jpg,208,160,33280,1.3,132.47,41.73,High
img-542.jpg,119,56,6664,2.125,104.86,45.06,Medium
img-542.jpg,401,222,89022,1.806,108.75,46.55,High
img-543.jpg,139,48,6672,2.896,84.05,36.37,High
img-543.jpg,73,170,12410,0.429,97.63,39.7,High
img-544.jpg,237,93,22041,2.548,84.39,45.52,High
img-544.jpg,77,24,1848,3.208,82.0,46.48,High
img-545.jpg,291,94,27354,3.096,153.69,67.97,High
img-545.jpg,133,61,8113,2.18,140.38,48.53,Medium
img-546.jpg,157,57,8949,2.754,124.56,68.82,High
img-547.jpg,70,38,2660,1.842,127.9,46.39,Medium
img-547.jpg,113,33,3729,3.424,163.66,40.61,High
img-547.jpg,169,132,22308,1.28,97.35,29.08,High
img-548.jpg,179,86,15394,2.081,133.6,43.76,High
img-548.jpg,28,15,420,1.867,143.61,62.98,Medium
img-549.jpg,163,66,10758,2.47,98.43,53.35,High
img-549.jpg,67,33,2211,2.03,114.38,52.86,Medium
img-55.jpg,76,51,3876,1.49,127.74,26.74,Low
img-55.jpg,97,53,5141,1.83,145.31,22.7,Low
img-55.jpg,183,113,20679,1.619,146.9,31.82,Low
img-55.jpg,73,53,3869,1.377,150.73,21.2,Low
img-55.jpg,201,114,22914,1.763,137.82,31.2,Low
img-550.jpg,112,54,6048,2.074,91.97,48.63,High
img-550.jpg,69,55,3795,1.255,91.74,43.78,High
img-550.jpg,53,36,1908,1.472,107.3,33.58,Low
img-550.jpg,79,35,2765,2.257,110.16,55.79,Medium
img-550.jpg,86,45,3870,1.911,132.8,54.93,Medium
img-550.jpg,93,52,4836,1.788,115.11,50.51,Medium
img-550.jpg,52,14,728,3.714,103.65,50.45,Low
img-551.jpg,47,19,893,2.474,137.27,36.44,High
img-551.jpg,90,26,2340,3.462,102.63,27.7,High
img-551.jpg,36,22,792,1.636,122.11,27.94,Medium
img-551.jpg,22,13,286,1.692,138.86,33.46,Medium
img-551.jpg,37,13,481,2.846,157.55,30.39,Medium
img-551.jpg,44,21,924,2.095,110.35,25.12,Low
img-551.jpg,27,7,189,3.857,144.43,33.43,Medium
img-552.jpg,157,92,14444,1.707,89.1,59.95,High
img-552.jpg,122,64,7808,1.906,57.78,44.07,High
img-552.jpg,100,37,3700,2.703,42.55,26.09,Medium
img-552.jpg,100,40,4000,2.5,41.82,23.12,Medium
img-552.jpg,87,76,6612,1.145,49.49,23.14,Medium
img-552.jpg,105,37,3885,2.838,58.94,38.98,High
img-552.jpg,62,17,1054,3.647,56.55,30.61,Medium
img-552.jpg,69,21,1449,3.286,92.35,54.91,Medium
img-552.jpg,70,23,1610,3.043,58.25,35.62,High
img-552.jpg,55,27,1485,2.037,57.65,24.7,Medium
img-552.jpg,42,15,630,2.8,56.5,29.49,High
img-552.jpg,47,12,564,3.917,60.93,37.01,High
img-552.jpg,47,13,611,3.615,90.22,53.08,Medium
img-552.jpg,34,10,340,3.4,121.86,62.89,Medium
img-552.jpg,25,6,150,4.167,87.09,49.62,Medium
img-552.jpg,23,6,138,3.833,71.85,34.34,Medium
img-552.jpg,24,8,192,3.0,74.3,33.22,Low
img-553.jpg,32,10,320,3.2,125.81,62.38,Low
img-553.jpg,188,101,18988,1.861,108.72,59.0,High
img-554.jpg,87,28,2436,3.107,149.99,67.31,Medium
img-554.jpg,75,20,1500,3.75,93.74,33.14,High
img-554.jpg,88,21,1848,4.19,134.17,52.48,Medium
img-554.jpg,189,41,7749,4.61,134.16,61.05,High
img-554.jpg,107,43,4601,2.488,146.76,70.75,High
img-554.jpg,85,20,1700,4.25,101.74,39.83,Medium
img-554.jpg,99,16,1584,6.188,99.76,24.41,Medium
img-555.jpg,177,65,11505,2.723,124.59,48.68,High
img-557.jpg,99,44,4356,2.25,82.03,51.45,Medium
img-558.jpg,171,46,7866,3.717,122.81,28.91,Medium
img-558.jpg,51,18,918,2.833,125.87,24.94,Low
img-558.jpg,23,12,276,1.917,122.82,23.6,Low
img-559.jpg,201,155,31155,1.297,112.28,54.87,High
img-559.jpg,46,42,1932,1.095,85.11,57.02,Low
img-56.jpg,189,101,19089,1.871,112.58,29.95,Medium
img-56.jpg,40,17,680,2.353,127.55,20.84,Low
img-560.jpg,22,11,242,2.0,88.88,54.71,Medium
img-560.jpg,30,11,330,2.727,139.73,53.95,Medium
img-560.jpg,13,6,78,2.167,101.42,64.01,Medium
img-560.jpg,28,8,224,3.5,96.15,54.37,High
img-561.jpg,36,14,504,2.571,176.1,56.71,Medium
img-561.jpg,57,20,1140,2.85,182.47,61.24,High
img-561.jpg,121,160,19360,0.756,183.86,54.22,High
img-561.jpg,278,104,28912,2.673,169.19,65.25,High
img-561.jpg,118,99,11682,1.192,177.87,47.05,Medium
img-561.jpg,42,24,1008,1.75,172.97,31.88,Low
img-561.jpg,28,19,532,1.474,221.6,32.16,Low
img-561.jpg,36,17,612,2.118,199.28,35.07,Low
img-561.jpg,61,30,1830,2.033,129.53,41.37,Medium
img-562.jpg,33,18,594,1.833,132.53,43.55,Medium
img-562.jpg,43,41,1763,1.049,112.79,36.3,Low
img-563.jpg,56,40,2240,1.4,90.5,55.73,Medium
img-563.jpg,73,33,2409,2.212,71.78,49.79,High
img-564.jpg,82,38,3116,2.158,125.63,33.62,High
img-564.jpg,105,38,3990,2.763,108.2,37.65,High
img-564.jpg,102,22,2244,4.636,125.08,43.25,High
img-564.jpg,46,17,782,2.706,120.46,39.49,Medium
img-564.jpg,53,12,636,4.417,130.23,37.92,Medium
img-565.jpg,387,172,66564,2.25,93.4,30.28,High
img-566.jpg,34,12,408,2.833,135.02,38.85,Medium
img-566.jpg,29,12,348,2.417,113.07,25.29,Medium
img-566.jpg,38,27,1026,1.407,114.21,31.21,Medium
img-566.jpg,48,27,1296,1.778,130.79,47.09,High
img-566.jpg,38,29,1102,1.31,91.11,29.3,Medium
img-566.jpg,44,25,1100,1.76,97.04,24.55,Low
img-566.jpg,18,11,198,1.636,110.23,33.83,Medium
img-566.jpg,17,12,204,1.417,118.04,35.54,Medium
img-566.jpg,37,22,814,1.682,97.61,17.62,Medium
img-566.jpg,42,34,1428,1.235,109.01,21.98,Low
img-567.jpg,331,222,73482,1.491,94.18,54.4,High
img-568.jpg,155,66,10230,2.348,116.06,69.86,High
img-568.jpg,45,20,900,2.25,88.72,33.94,Medium
img-569.jpg,84,22,1848,3.818,77.08,31.7,High
img-569.jpg,127,34,4318,3.735,61.65,35.91,High
img-57.jpg,163,95,15485,1.716,130.54,33.45,Medium
img-570.jpg,80,46,3680,1.739,84.19,47.6,High
img-570.jpg,90,28,2520,3.214,90.0,40.86,Medium
img-570.jpg,57,36,2052,1.583,103.72,42.0,Low
img-570.jpg,56,26,1456,2.154,98.7,48.22,Low
img-570.jpg,47,35,1645,1.343,108.58,41.86,Medium
img-571.jpg,37,13,481,2.846,91.24,41.63,High
img-571.jpg,82,53,4346,1.547,78.21,40.57,High
img-571.jpg,44,31,1364,1.419,87.15,38.47,Medium
img-571.jpg,49,27,1323,1.815,94.38,36.25,Medium
img-571.jpg,50,25,1250,2.0,97.48,32.62,Medium
img-571.jpg,41,19,779,2.158,148.61,67.58,Medium
img-571.jpg,48,30,1440,1.6,118.57,56.55,Medium
img-571.jpg,52,33,1716,1.576,95.35,40.01,Medium
img-571.jpg,68,15,1020,4.533,88.77,30.86,Medium
img-571.jpg,68,25,1700,2.72,107.11,38.33,Medium
img-571.jpg,23,12,276,1.917,148.33,59.41,Low
img-571.jpg,19,6,114,3.167,123.54,47.72,Low
img-571.jpg,82,40,3280,2.05,116.65,38.39,Medium
img-571.jpg,173,70,12110,2.471,106.41,41.66,High
img-571.jpg,69,54,3726,1.278,113.4,27.6,High
img-572.jpg,98,22,2156,4.455,132.06,34.63,Medium
img-572.jpg,28,15,420,1.867,136.23,35.59,Medium
img-572.jpg,34,10,340,3.4,161.71,49.27,Medium
img-573.jpg,377,82,30914,4.598,140.95,47.09,Medium
img-574.jpg,208,36,7488,5.778,115.06,49.25,High
img-574.jpg,150,27,4050,5.556,130.42,45.16,High
img-574.jpg,97,20,1940,4.85,122.33,46.41,High
img-574.jpg,88,14,1232,6.286,107.08,48.11,High
img-574.jpg,50,10,500,5.0,73.05,29.61,High
img-574.jpg,22,9,198,2.444,52.44,24.59,High
img-574.jpg,50,8,400,6.25,75.47,31.59,High
img-574.jpg,68,6,408,11.333,123.38,43.34,Medium
img-574.jpg,48,17,816,2.824,121.16,38.06,Medium
img-575.jpg,124,58,7192,2.138,159.35,59.2,High
img-575.jpg,146,18,2628,8.111,121.01,33.61,High
img-575.jpg,102,9,918,11.333,146.08,44.12,Medium
img-575.jpg,124,28,3472,4.429,140.93,57.87,High
img-575.jpg,271,104,28184,2.606,108.88,35.43,High
img-576.jpg,390,123,47970,3.171,146.2,49.42,High
img-576.jpg,85,24,2040,3.542,184.52,27.14,Medium
img-577.jpg,198,80,15840,2.475,186.89,48.07,High
img-577.jpg,37,12,444,3.083,193.03,41.84,Medium
img-577.jpg,61,59,3599,1.034,169.19,44.4,Medium
img-577.jpg,68,43,2924,1.581,164.78,45.07,Medium
img-577.jpg,41,41,1681,1.0,159.89,41.67,Low
img-577.jpg,58,43,2494,1.349,158.11,43.19,Medium
img-577.jpg,78,36,2808,2.167,139.57,37.77,Medium
img-577.jpg,113,43,4859,2.628,116.68,35.65,High
img-577.jpg,41,24,984,1.708,138.92,26.65,Medium
img-577.jpg,63,21,1323,3.0,140.55,31.39,Medium
img-577.jpg,70,44,3080,1.591,156.31,30.1,Medium
img-577.jpg,34,21,714,1.619,169.94,21.56,Low
img-577.jpg,48,40,1920,1.2,118.38,28.7,Medium
img-577.jpg,31,33,1023,0.939,190.07,34.63,Low
img-578.jpg,276,199,54924,1.387,123.71,45.48,High
img-579.jpg,399,128,51072,3.117,81.1,55.76,High
img-58.jpg,153,119,18207,1.286,139.43,21.21,Medium
img-58.jpg,124,59,7316,2.102,155.63,16.28,Low
img-58.jpg,54,39,2106,1.385,152.36,17.27,Medium
img-580.jpg,56,26,1456,2.154,121.01,21.74,High
img-580.jpg,28,13,364,2.154,116.4,23.43,High
img-580.jpg,58,26,1508,2.231,126.93,19.8,Medium
img-581.jpg,45,17,765,2.647,95.26,48.87,High
img-581.jpg,64,37,2368,1.73,90.1,35.63,High
img-581.jpg,99,34,3366,2.912,106.43,37.57,High
img-581.jpg,26,10,260,2.6,94.68,42.99,Low
img-581.jpg,46,34,1564,1.353,76.61,30.48,Medium
img-581.jpg,57,29,1653,1.966,89.1,29.54,Medium
img-582.jpg,393,252,99036,1.56,92.93,57.38,High
img-583.jpg,158,60,9480,2.633,87.51,80.6,High
img-584.jpg,295,198,58410,1.49,114.16,43.7,Medium
img-584.jpg,81,55,4455,1.473,147.12,59.91,Medium
img-585.jpg,174,45,7830,3.867,159.75,66.17,High
img-585.jpg,59,17,1003,3.471,177.37,45.23,Medium
img-585.jpg,138,52,7176,2.654,172.41,56.36,High
img-585.jpg,75,13,975,5.769,120.68,45.53,High
img-585.jpg,382,102,38964,3.745,127.22,53.91,High
img-586.jpg,395,224,88480,1.763,144.81,30.65,High
img-587.jpg,162,70,11340,2.314,140.83,61.03,High
img-587.jpg,45,18,810,2.5,153.61,42.57,Medium
img-588.jpg,187,102,19074,1.833,51.54,29.83,High
img-589.jpg,62,29,1798,2.138,120.05,38.07,High
img-589.jpg,37,17,629,2.176,115.68,37.69,Medium
img-589.jpg,60,24,1440,2.5,136.62,32.67,High
img-589.jpg,31,14,434,2.214,107.65,36.64,Medium
img-589.jpg,36,10,360,3.6,115.09,44.67,High
img-589.jpg,22,10,220,2.2,83.46,44.68,High
img-589.jpg,53,8,424,6.625,104.47,30.8,Medium
img-589.jpg,38,14,532,2.714,126.62,35.52,High
img-589.jpg,16,7,112,2.286,143.73,36.04,Medium
img-589.jpg,29,12,348,2.417,106.98,33.52,High
img-589.jpg,14,7,98,2.0,139.62,31.67,Medium
img-589.jpg,88,30,2640,2.933,121.24,33.96,High
img-59.jpg,304,174,52896,1.747,126.96,40.28,Medium
img-59.jpg,177,111,19647,1.595,75.77,32.94,Low
img-590.jpg,383,169,64727,2.266,71.46,36.5,High
img-591.jpg,239,66,15774,3.621,136.94,41.78,Medium
img-591.jpg,363,113,41019,3.212,118.18,44.37,Medium
img-592.jpg,94,46,4324,2.043,77.74,43.93,High
img-592.jpg,17,8,136,2.125,130.59,53.32,Medium
img-592.jpg,19,5,95,3.8,114.36,47.26,Medium
img-593.jpg,184,71,13064,2.592,133.89,40.77,High
img-593.jpg,193,36,6948,5.361,171.08,43.74,High
img-593.jpg,152,37,5624,4.108,169.77,39.32,High
img-594.jpg,65,24,1560,2.708,134.68,62.1,Medium
img-594.jpg,59,26,1534,2.269,155.28,42.49,High
img-594.jpg,47,19,893,2.474,165.06,47.8,Medium
img-594.jpg,88,43,3784,2.047,117.67,49.67,Medium
img-594.jpg,42,20,840,2.1,110.54,42.41,Low
img-594.jpg,194,52,10088,3.731,89.13,37.2,High
img-595.jpg,79,59,4661,1.339,92.99,59.95,High
img-595.jpg,131,83,10873,1.578,77.46,45.14,High
img-595.jpg,99,36,3564,2.75,28.88,21.58,Medium
img-595.jpg,47,41,1927,1.146,38.52,25.29,Medium
img-595.jpg,117,49,5733,2.388,159.98,71.79,High
img-595.jpg,46,20,920,2.3,143.24,82.93,Medium
img-595.jpg,42,30,1260,1.4,54.64,34.37,Medium
img-595.jpg,15,18,270,0.833,48.24,20.58,Low
img-595.jpg,46,16,736,2.875,166.73,95.68,Medium
img-595.jpg,57,19,1083,3.0,178.48,83.24,Medium
img-595.jpg,25,11,275,2.273,163.07,91.05,Medium
img-595.jpg,58,21,1218,2.762,142.95,89.09,Medium
img-595.jpg,30,11,330,2.727,163.55,95.05,Medium
img-595.jpg,40,12,480,3.333,128.31,92.74,Medium
img-595.jpg,74,20,1480,3.7,148.66,83.24,Medium
img-595.jpg,54,21,1134,2.571,109.64,87.27,High
img-595.jpg,41,16,656,2.562,166.54,76.3,Medium
img-595.jpg,19,11,209,1.727,140.68,92.08,Low
img-595.jpg,25,32,800,0.781,88.24,56.0,Medium
img-596.jpg,449,218,97882,2.06,101.93,46.39,High
img-597.jpg,117,52,6084,2.25,102.77,69.99,Medium
img-597.jpg,44,17,748,2.588,69.01,28.73,Low
img-598.jpg,51,21,1071,2.429,109.5,17.47,Medium
img-598.jpg,80,33,2640,2.424,84.4,17.13,High
img-598.jpg,38,13,494,2.923,96.3,18.93,Medium
img-598.jpg,72,17,1224,4.235,96.98,20.03,High
img-598.jpg,58,109,6322,0.532,112.37,28.39,Medium
img-6.jpg,167,142,23714,1.176,134.37,47.79,Medium
img-6.jpg,238,286,68068,0.832,139.11,40.25,Low
img-60.jpg,135,122,16470,1.107,154.0,35.48,Medium
img-60.jpg,68,45,3060,1.511,152.17,32.5,Low
img-600.jpg,162,66,10692,2.455,114.43,71.91,High
img-600.jpg,113,40,4520,2.825,156.01,70.43,High
img-600.jpg,51,24,1224,2.125,183.63,62.41,Medium
img-600.jpg,44,14,616,3.143,175.13,56.87,Medium
img-600.jpg,36,10,360,3.6,194.09,43.64,Medium
img-601.jpg,157,43,6751,3.651,87.16,56.47,Medium
img-601.jpg,311,48,14928,6.479,88.11,52.02,High
img-602.jpg,228,132,30096,1.727,122.58,45.48,Medium
img-603.jpg,299,235,70265,1.272,126.33,55.04,High
img-604.jpg,102,48,4896,2.125,158.39,34.45,Medium
img-604.jpg,105,31,3255,3.387,158.67,43.25,Medium
img-604.jpg,39,15,585,2.6,166.35,47.73,Medium
img-604.jpg,152,40,6080,3.8,156.22,38.12,High
img-604.jpg,65,11,715,5.909,161.86,53.45,Medium
img-604.jpg,44,9,396,4.889,159.68,51.91,Medium
img-604.jpg,43,10,430,4.3,148.62,52.2,Medium
img-604.jpg,39,7,273,5.571,160.27,52.85,Medium
img-604.jpg,313,89,27857,3.517,134.86,28.35,High
img-605.jpg,312,189,58968,1.651,123.21,50.16,High
img-606.jpg,220,251,55220,0.876,90.09,38.61,High
img-607.jpg,365,166,60590,2.199,126.93,53.28,High
img-608.jpg,241,181,43621,1.331,79.23,55.8,High
img-609.jpg,78,26,2028,3.0,118.63,30.84,Low
img-609.jpg,235,148,34780,1.588,155.65,56.22,High
img-609.jpg,44,11,484,4.0,145.23,69.58,High
img-609.jpg,140,40,5600,3.5,142.64,42.45,High
img-609.jpg,9,20,180,0.45,121.89,30.0,Medium
img-61.jpg,124,76,9424,1.632,141.9,46.3,Medium
img-610.jpg,135,70,9450,1.929,89.34,41.04,High
img-610.jpg,70,25,1750,2.8,104.78,40.82,Medium
img-610.jpg,45,18,810,2.5,107.73,43.98,Medium
img-610.jpg,68,27,1836,2.519,113.31,37.83,Low
img-611.jpg,349,94,32806,3.713,122.24,63.08,High
img-612.jpg,286,137,39182,2.088,99.42,43.0,High
img-612.jpg,46,15,690,3.067,118.67,52.95,Medium
img-612.jpg,41,15,615,2.733,202.55,57.48,Low
img-612.jpg,46,14,644,3.286,112.35,31.44,Low
img-614.jpg,171,202,34542,0.847,97.2,37.81,High
img-614.jpg,50,22,1100,2.273,119.89,31.36,Medium
img-615.jpg,334,125,41750,2.672,117.83,54.71,High
img-616.jpg,21,11,231,1.909,101.51,43.31,Medium
img-616.jpg,247,85,20995,2.906,128.2,54.73,High
img-616.jpg,62,21,1302,2.952,131.97,41.92,Medium
img-616.jpg,23,8,184,2.875,101.67,40.51,Medium
img-616.jpg,31,23,713,1.348,76.01,35.42,High
img-617.jpg,62,16,992,3.875,148.77,48.61,Medium
img-617.jpg,36,36,1296,1.0,148.7,38.03,Medium
img-617.jpg,203,52,10556,3.904,149.48,64.97,High
img-617.jpg,35,12,420,2.917,114.89,52.3,High
img-617.jpg,48,7,336,6.857,149.36,57.33,High
img-618.jpg,69,65,4485,1.062,110.33,32.95,Medium
img-618.jpg,115,76,8740,1.513,129.8,35.82,High
img-618.jpg,35,39,1365,0.897,123.63,39.31,Medium
img-618.jpg,52,24,1248,2.167,144.49,46.0,High
img-618.jpg,79,85,6715,0.929,152.54,47.91,High
img-618.jpg,35,50,1750,0.7,136.11,36.29,Medium
img-618.jpg,28,10,280,2.8,139.16,37.35,High
img-619.jpg,189,82,15498,2.305,81.11,48.14,High
img-62.jpg,131,110,14410,1.191,145.72,25.09,High
img-62.jpg,162,165,26730,0.982,142.33,26.68,Medium
img-620.jpg,356,61,21716,5.836,125.34,46.17,High
img-620.jpg,40,14,560,2.857,89.67,35.1,Medium
img-621.jpg,42,37,1554,1.135,127.28,34.44,Medium
img-621.jpg,107,73,7811,1.466,127.33,59.9,High
img-621.jpg,48,15,720,3.2,85.25,54.33,High
img-621.jpg,67,24,1608,2.792,124.25,56.24,High
img-621.jpg,63,22,1386,2.864,127.51,42.81,Medium
img-621.jpg,42,63,2646,0.667,106.8,45.41,Medium
img-623.jpg,320,216,69120,1.481,138.04,34.42,High
img-624.jpg,88,35,3080,2.514,106.54,50.47,High
img-624.jpg,69,35,2415,1.971,92.36,41.74,High
img-624.jpg,59,47,2773,1.255,106.32,44.59,Medium
img-624.jpg,48,18,864,2.667,71.42,27.12,Medium
img-624.jpg,34,17,578,2.0,104.17,54.81,High
img-624.jpg,37,15,555,2.467,114.32,54.84,High
img-624.jpg,56,16,896,3.5,121.96,63.61,Medium
img-624.jpg,33,11,363,3.0,107.74,64.83,High
img-624.jpg,19,9,171,2.111,127.62,59.96,Medium
img-624.jpg,38,10,380,3.8,77.69,38.43,Low
img-624.jpg,29,22,638,1.318,82.55,42.15,Medium
img-626.jpg,196,56,10976,3.5,146.15,56.54,High
img-626.jpg,36,14,504,2.571,157.53,52.37,Low
img-627.jpg,129,54,6966,2.389,124.92,57.94,High
img-627.jpg,99,31,3069,3.194,129.19,61.83,Medium
img-628.jpg,216,161,34776,1.342,82.59,54.87,High
img-629.jpg,186,148,27528,1.257,108.75,52.81,High
img-63.jpg,201,131,26331,1.534,167.18,40.32,Medium
img-630.jpg,274,119,32606,2.303,113.14,42.29,High
img-630.jpg,102,34,3468,3.0,125.08,48.68,High
img-631.jpg,101,60,6060,1.683,117.16,50.67,High
img-631.jpg,93,29,2697,3.207,129.61,42.49,Medium
img-631.jpg,450,205,92250,2.195,121.9,49.62,High
img-632.jpg,91,29,2639,3.138,116.47,51.04,High
img-633.jpg,310,110,34100,2.818,46.25,53.49,High
img-634.jpg,38,24,912,1.583,142.99,63.29,High
img-634.jpg,22,16,352,1.375,148.54,64.3,High
img-634.jpg,33,30,990,1.1,128.77,69.63,High
img-634.jpg,45,16,720,2.812,144.11,58.2,High
img-634.jpg,32,9,288,3.556,126.45,52.02,Low
img-634.jpg,25,34,850,0.735,136.9,53.61,Medium
img-634.jpg,39,45,1755,0.867,113.01,38.55,Medium
img-634.jpg,20,21,420,0.952,140.64,49.42,Medium
img-634.jpg,26,24,624,1.083,138.51,43.24,Medium
img-634.jpg,18,9,162,2.0,129.93,53.58,Medium
img-634.jpg,18,6,108,3.0,133.72,56.76,Medium
img-634.jpg,13,7,91,1.857,134.9,58.02,Medium
img-634.jpg,16,7,112,2.286,129.24,56.3,Medium
img-635.jpg,299,155,46345,1.929,104.44,48.13,High
img-636.jpg,156,30,4680,5.2,146.41,41.82,High
img-636.jpg,89,16,1424,5.562,146.38,56.36,High
img-636.jpg,29,9,261,3.222,157.03,52.4,Medium
img-636.jpg,59,21,1239,2.81,95.84,48.57,Medium
img-636.jpg,71,37,2627,1.919,73.4,18.34,High
img-636.jpg,148,56,8288,2.643,102.29,43.64,High
img-636.jpg,15,10,150,1.5,107.63,56.62,Medium
img-637.jpg,48,11,528,4.364,155.4,55.23,High
img-637.jpg,57,23,1311,2.478,103.08,64.49,Medium
img-638.jpg,467,245,114415,1.906,110.51,44.35,High
img-639.jpg,291,75,21825,3.88,88.76,69.24,High
img-64.jpg,247,143,35321,1.727,148.99,26.05,Medium
img-640.jpg,237,111,26307,2.135,118.72,64.07,High
img-641.jpg,189,86,16254,2.198,54.56,69.03,Medium
img-642.jpg,87,24,2088,3.625,128.62,36.5,High
img-642.jpg,170,92,15640,1.848,126.65,38.37,High
img-642.jpg,76,51,3876,1.49,103.11,29.94,Medium
img-643.jpg,145,46,6670,3.152,97.31,67.61,High
img-644.jpg,143,36,5148,3.972,158.61,47.9,High
img-644.jpg,92,55,5060,1.673,125.38,48.58,High
img-644.jpg,219,198,43362,1.106,98.52,36.72,High
img-645.jpg,213,62,13206,3.435,156.27,61.99,Medium
img-646.jpg,254,70,17780,3.629,165.15,60.74,High
img-647.jpg,197,182,35854,1.082,115.3,49.21,High
img-648.jpg,157,31,4867,5.065,136.42,64.04,High
img-648.jpg,96,24,2304,4.0,122.95,44.86,High
img-648.jpg,156,15,2340,10.4,116.76,39.95,Medium
img-648.jpg,81,13,1053,6.231,105.97,43.71,High
img-648.jpg,63,9,567,7.0,113.65,59.26,High
img-648.jpg,87,54,4698,1.611,110.95,40.17,Medium
img-648.jpg,58,13,754,4.462,109.51,42.71,High
img-648.jpg,52,10,520,5.2,128.99,48.9,High
img-648.jpg,45,12,540,3.75,95.58,43.38,Medium
img-648.jpg,45,10,450,4.5,93.59,42.83,Medium
img-648.jpg,56,12,672,4.667,105.51,48.2,High
img-648.jpg,160,34,5440,4.706,78.62,25.49,Medium
img-65.jpg,259,147,38073,1.762,165.68,26.77,Medium
img-650.jpg,63,25,1575,2.52,140.41,36.42,Medium
img-650.jpg,75,46,3450,1.63,149.37,46.46,Medium
img-651.jpg,178,96,17088,1.854,108.97,55.84,High
img-652.jpg,290,102,29580,2.843,102.9,40.88,High
img-652.jpg,193,79,15247,2.443,89.16,35.52,High
img-652.jpg,110,35,3850,3.143,105.46,33.86,High
img-653.jpg,86,69,5934,1.246,111.29,30.31,Medium
img-653.jpg,64,13,832,4.923,125.69,29.97,Low
img-653.jpg,327,179,58533,1.827,124.24,26.89,High
img-654.jpg,143,42,6006,3.405,83.8,34.05,Medium
img-654.jpg,20,8,160,2.5,102.45,26.8,Low
img-654.jpg,37,9,333,4.111,122.64,32.88,Medium
img-656.jpg,158,96,15168,1.646,91.71,55.7,High
img-656.jpg,26,6,156,4.333,164.37,51.27,Medium
img-657.jpg,376,156,58656,2.41,116.32,61.42,High
img-658.jpg,59,51,3009,1.157,94.84,24.79,Medium
img-658.jpg,42,20,840,2.1,100.0,25.76,Medium
img-658.jpg,163,74,12062,2.203,78.74,13.9,High
img-658.jpg,46,19,874,2.421,141.01,26.59,Medium
img-659.jpg,369,70,25830,5.271,101.34,34.6,High
img-66.jpg,241,269,64829,0.896,154.46,34.11,High
img-66.jpg,90,94,8460,0.957,134.85,36.85,Medium
img-66.jpg,61,39,2379,1.564,183.08,16.93,Low
img-66.jpg,63,22,1386,2.864,175.8,19.7,Low
img-66.jpg,70,72,5040,0.972,182.32,14.37,Low
img-66.jpg,33,25,825,1.32,175.08,24.23,Low
img-660.jpg,76,48,3648,1.583,123.85,28.61,Medium
img-661.jpg,418,175,73150,2.389,69.38,47.71,High
img-662.jpg,70,28,1960,2.5,75.76,57.41,High
img-662.jpg,44,26,1144,1.692,75.85,51.64,High
img-662.jpg,44,33,1452,1.333,44.73,15.14,High
img-662.jpg,46,17,782,2.706,68.61,23.12,Medium
img-662.jpg,23,9,207,2.556,83.98,63.2,Medium
img-664.jpg,376,170,63920,2.212,97.69,47.61,High
img-665.jpg,170,68,11560,2.5,136.86,79.93,High
img-666.jpg,389,212,82468,1.835,131.28,44.85,High
img-667.jpg,201,128,25728,1.57,112.18,35.12,High
img-667.jpg,58,69,4002,0.841,104.4,31.73,Medium
img-667.jpg,77,29,2233,2.655,113.13,32.45,Medium
img-667.jpg,63,42,2646,1.5,122.82,33.35,Medium
img-668.jpg,121,66,7986,1.833,116.63,44.68,High
img-669.jpg,87,63,5481,1.381,176.7,40.97,High
img-67.jpg,219,167,36573,1.311,145.17,14.68,Medium
img-67.jpg,177,151,26727,1.172,147.62,16.96,High
img-67.jpg,153,47,7191,3.255,144.55,14.74,Low
img-670.jpg,6,5,30,1.2,131.33,44.72,Medium
img-670.jpg,8,3,24,2.667,154.75,57.81,Medium
img-670.jpg,8,4,32,2.0,169.25,56.28,Medium
img-670.jpg,10,8,80,1.25,104.65,57.0,Medium
img-670.jpg,5,4,20,1.25,121.4,79.88,Medium
img-670.jpg,3,3,9,1.0,106.89,68.19,Low
img-670.jpg,4,2,8,2.0,161.5,42.12,Low
img-670.jpg,4,2,8,2.0,139.0,31.24,Low
img-670.jpg,5,3,15,1.667,159.2,36.47,Medium
img-670.jpg,14,10,140,1.4,103.79,66.42,Medium
img-670.jpg,26,13,338,2.0,104.28,58.31,Medium
img-670.jpg,6,7,42,0.857,107.19,59.94,Medium
img-670.jpg,9,5,45,1.8,125.76,42.02,Low
img-670.jpg,4,6,24,0.667,132.0,63.66,Low
img-671.jpg,78,94,7332,0.83,116.29,54.73,High
img-672.jpg,448,133,59584,3.368,123.52,67.16,High
img-673.jpg,110,55,6050,2.0,112.91,34.03,High
img-673.jpg,46,22,1012,2.091,103.41,31.93,Low
img-674.jpg,74,28,2072,2.643,175.52,14.78,High
img-676.jpg,197,73,14381,2.699,159.15,8.79,High
img-676.jpg,198,72,14256,2.75,166.03,27.77,High
img-677.jpg,363,198,71874,1.833,167.39,31.68,High
img-678.jpg,129,61,7869,2.115,105.24,44.89,High
img-678.jpg,40,18,720,2.222,108.23,35.23,Medium
img-679.jpg,1164,622,724008,1.871,113.01,30.86,High
img-68.jpg,233,149,34717,1.564,148.0,22.5,Medium
img-68.jpg,173,35,6055,4.943,150.5,22.3,Medium
img-680.jpg,355,130,46150,2.731,140.69,20.43,Medium
img-681.jpg,519,234,121446,2.218,96.53,52.15,High
img-682.jpg,298,104,30992,2.865,100.84,57.87,High
img-683.jpg,377,188,70876,2.005,118.26,58.41,High
img-684.jpg,112,236,26432,0.475,112.61,43.94,High
img-684.jpg,27,25,675,1.08,133.85,42.51,Medium
img-684.jpg,25,12,300,2.083,144.86,47.01,Medium
img-684.jpg,25,18,450,1.389,121.27,44.97,Medium
img-685.jpg,177,117,20709,1.513,138.78,36.66,High
img-686.jpg,364,99,36036,3.677,137.55,50.82,High
img-687.jpg,153,151,23103,1.013,82.71,24.08,Medium
img-688.jpg,16,15,240,1.067,122.72,31.93,Medium
img-689.jpg,23,16,368,1.438,88.91,35.0,Medium
img-69.jpg,111,105,11655,1.057,135.72,29.26,Medium
img-69.jpg,117,70,8190,1.671,194.56,24.57,Low
img-690.jpg,82,25,2050,3.28,100.5,39.14,High
img-691.jpg,182,122,22204,1.492,131.81,21.53,High
img-692.jpg,298,197,58706,1.513,120.35,57.55,High
img-692.jpg,62,30,1860,2.067,147.78,40.89,Low
img-692.jpg,56,87,4872,0.644,117.69,43.81,Medium
img-693.jpg,83,19,1577,4.368,121.32,32.44,Medium
img-693.jpg,23,25,575,0.92,117.78,37.67,Medium
img-693.jpg,24,5,120,4.8,136.65,34.97,Medium
img-693.jpg,17,8,136,2.125,156.93,35.34,Medium
img-693.jpg,52,25,1300,2.08,114.12,25.22,Low
img-693.jpg,29,12,348,2.417,173.57,36.01,Medium
img-693.jpg,48,18,864,2.667,147.1,36.16,Medium
img-693.jpg,59,34,2006,1.735,129.7,32.92,Low
img-693.jpg,26,6,156,4.333,172.99,33.48,Medium
img-694.jpg,439,405,177795,1.084,97.26,35.59,High
img-695.jpg,124,46,5704,2.696,88.79,20.86,Medium
img-695.jpg,335,55,18425,6.091,75.41,16.73,Medium
img-696.jpg,178,65,11570,2.738,73.34,40.95,High
img-697.jpg,305,140,42700,2.179,207.69,41.71,Medium
img-697.jpg,408,207,84456,1.971,128.59,43.04,High
img-698.jpg,508,360,182880,1.411,124.25,50.62,High
img-699.jpg,85,21,1785,4.048,88.65,48.26,Medium
img-699.jpg,63,22,1386,2.864,91.44,65.06,Medium
img-699.jpg,64,19,1216,3.368,75.07,36.44,Low
img-699.jpg,75,45,3375,1.667,79.5,34.77,Low
img-699.jpg,64,18,1152,3.556,79.76,39.09,Low
img-7.jpg,372,175,65100,2.126,163.27,34.87,High
img-70.jpg,201,106,21306,1.896,174.4,40.19,Medium
img-70.jpg,89,63,5607,1.413,158.37,34.84,Low
img-700.jpg,41,27,1107,1.519,107.87,38.86,Medium
img-701.jpg,50,30,1500,1.667,106.39,44.96,Medium
img-702.jpg,126,43,5418,2.93,173.8,28.67,Medium
img-703.jpg,180,81,14580,2.222,113.24,66.36,High
img-703.jpg,122,81,9882,1.506,87.94,62.63,Medium
img-703.jpg,166,102,16932,1.627,91.74,66.59,Medium
img-703.jpg,187,104,19448,1.798,92.9,57.51,Low
img-704.jpg,123,45,5535,2.733,106.57,40.11,High
img-705.jpg,795,116,92220,6.853,81.47,53.86,High
img-705.jpg,136,66,8976,2.061,105.52,48.75,Low
img-706.jpg,293,199,58307,1.472,82.85,22.72,High
img-707.jpg,67,225,15075,0.298,109.74,60.45,Medium
img-707.jpg,62,254,15748,0.244,124.75,43.87,Low
img-708.jpg,73,321,23433,0.227,88.15,59.32,Medium
img-708.jpg,95,429,40755,0.221,124.51,51.3,Low
img-709.jpg,73,214,15622,0.341,107.61,61.31,Medium
img-709.jpg,67,310,20770,0.216,121.21,46.41,Low
img-71.jpg,145,116,16820,1.25,156.76,22.73,Medium
img-71.jpg,82,49,4018,1.673,136.51,19.69,Low
img-710.jpg,299,101,30199,2.96,127.26,62.65,Medium
img-710.jpg,344,95,32680,3.621,139.37,52.54,Low
img-711.jpg,336,134,45024,2.507,162.1,47.72,Medium
img-712.jpg,425,138,58650,3.08,170.8,47.85,Medium
img-713.jpg,358,112,40096,3.196,165.51,49.04,Medium
img-714.jpg,188,161,30268,1.168,100.86,71.45,Medium
img-715.jpg,433,315,136395,1.375,109.25,48.9,Medium
img-716.jpg,165,147,24255,1.122,79.57,65.67,Medium
img-717.jpg,58,35,2030,1.657,128.14,23.9,Medium
img-72.jpg,233,146,34018,1.596,143.1,35.45,Medium
img-73.jpg,238,191,45458,1.246,140.17,19.44,Medium
img-73.jpg,155,55,8525,2.818,152.39,12.69,High
img-74.jpg,104,56,5824,1.857,140.52,19.28,Medium
img-75.jpg,133,107,14231,1.243,89.9,35.62,Medium
img-76.jpg,183,148,27084,1.236,151.06,18.85,Medium
img-76.jpg,142,163,23146,0.871,154.41,23.59,Medium
img-77.jpg,150,112,16800,1.339,144.45,24.24,Medium
img-77.jpg,191,157,29987,1.217,144.52,23.56,Medium
img-77.jpg,76,34,2584,2.235,147.1,19.93,Medium
img-77.jpg,250,369,92250,0.678,142.03,19.23,Medium
img-78.jpg,201,171,34371,1.175,142.65,28.77,Medium
img-78.jpg,56,80,4480,0.7,150.62,26.02,Low
img-79.jpg,503,213,107139,2.362,147.83,31.36,High
img-8.jpg,191,138,26358,1.384,171.74,43.44,Medium
img-8.jpg,115,118,13570,0.975,151.12,43.88,Medium
img-80.jpg,233,195,45435,1.195,97.1,41.11,Medium
img-81.jpg,291,137,39867,2.124,140.78,25.01,Medium
img-81.jpg,141,82,11562,1.72,148.88,23.97,Low
img-82.jpg,249,213,53037,1.169,148.46,20.21,Medium
img-82.jpg,61,36,2196,1.694,142.47,18.49,Low
img-83.jpg,192,211,40512,0.91,149.35,20.92,Medium
img-84.jpg,142,105,14910,1.352,116.22,27.26,Medium
img-84.jpg,116,94,10904,1.234,137.96,41.5,Medium
img-84.jpg,149,113,16837,1.319,164.22,37.17,Low
img-85.jpg,152,92,13984,1.652,144.77,34.27,Medium
img-85.jpg,69,65,4485,1.062,143.91,31.42,Low
img-86.jpg,165,113,18645,1.46,122.77,29.73,High
img-86.jpg,157,86,13502,1.826,123.01,21.13,Medium
img-87.jpg,205,265,54325,0.774,112.14,18.18,High
img-88.jpg,128,172,22016,0.744,175.74,24.26,Medium
img-89.jpg,210,138,28980,1.522,138.01,30.52,Medium
img-89.jpg,75,84,6300,0.893,128.97,23.23,Low
img-9.jpg,216,127,27432,1.701,121.02,21.04,Medium
img-9.jpg,110,47,5170,2.34,129.15,19.26,Medium
img-90.jpg,212,154,32648,1.377,95.69,42.42,Medium
img-91.jpg,90,106,9540,0.849,156.18,41.05,Medium
img-92.jpg,353,214,75542,1.65,170.89,31.4,Medium
img-93.jpg,137,77,10549,1.779,138.94,43.86,Medium
img-93.jpg,141,120,16920,1.175,139.92,41.86,Medium
img-93.jpg,325,180,58500,1.806,143.54,44.04,Medium
img-94.jpg,329,121,39809,2.719,136.25,23.16,Medium
img-95.jpg,152,133,20216,1.143,151.65,38.37,Medium
img-95.jpg,149,165,24585,0.903,164.25,24.15,Low
img-96.jpg,125,103,12875,1.214,147.94,31.53,Medium
img-97.jpg,232,85,19720,2.729,155.41,36.51,High
img-97.jpg,124,18,2232,6.889,159.43,30.87,Medium
img-97.jpg,86,40,3440,2.15,157.76,28.7,Medium
img-98.jpg,80,57,4560,1.404,156.6,42.36,Low
img-98.jpg,258,183,47214,1.41,112.74,32.4,Medium
img-98.jpg,173,122,21106,1.418,118.19,44.13,Medium
img-98.jpg,67,75,5025,0.893,126.51,43.97,Medium
img-99.jpg,250,205,51250,1.22,158.04,29.21,Medium
